StartDate,StartTime,EndDate,EndTime, ElapsedSeconds,Config,Num_Runs,UniqueKey
3/20/2017,23:32:41,3/20/2017,23:32:43,2,T1_4_4,1,B20032017233241515467779
3/20/2017,23:32:41,3/20/2017,23:32:47,6,dbtest1,,B20032017233241620478318
3/20/2017,23:32:41,3/20/2017,23:33:22,41,T1_24_24,1,B20032017233241515991322
3/20/2017,23:32:41,3/20/2017,23:33:46,65,T4_4_4,10,B20032017233241525349231
03/20/17,23:32:41,03/21/17,01:12:13,5972,T4_24_24,10,B20032017233241599576401
03/23/17,22:52:57,03/23/17,22:53:00,3,T1_4_4,2,B23032017225257705856423
03/23/17,22:54:36,03/23/17,23:13:07,1111,T4_24_24,2,B23032017225436169068840
03/26/17,03:11:11,03/26/17,03:11:14,3,T1_4_4,2,B26032017031111509206430
03/26/17,03:18:05,03/26/17,03:18:08,3,T1_4_4,2,B26032017031805152209235
03/26/17,03:52:18,03/26/17,03:52:21,3,T1_4_4,2,B26032017035218171404299
03/26/17,03:54:06,03/26/17,03:54:19,13,T4_4_4,2,B26032017035406182409712
03/26/17,03:56:38,03/26/17,03:56:59,21,T4_24_24,2,B26032017035638205477765
03/26/17,04:00:45,03/26/17,04:00:55,10,T4_24_24,1,B26032017040045171434169
03/26/17,04:23:40,03/26/17,04:24:50,70,T4_4_4,10,B26032017042340602318831
03/26/17,04:23:40,03/26/17,04:25:29,109,T4_24_24,10,B26032017042340627189166
03/26/17,04:23:40,03/26/17,04:54:21,1841,T4_100_100,10,B26032017042340657126682
03/28/17,15:20:12,03/28/17,20:15:32,17720,T4_24_24_500,30,B28032017152012172332947
03/28/17,20:47:51,03/28/17,23:56:57,11346,T4_100_100,10,B28032017204751253418345
03/28/17,20:47:51,03/29/17,03:06:57,22746,T4_100_10,10,B28032017204751271778103
10/02/17,14:50:07,10/02/17,14:50:11,4,T1_4_4,2,B02102017145007618175217
10/02/17,15:32:43,10/02/17,15:32:46,3,T1_4_4,2,B02102017153243266019502
10/02/17,17:06:47,10/02/17,17:06:48,1,dbtest1,2,B02102017170647393554411
10/02/17,17:36:33,10/02/17,17:36:34,1,dbtest1,2,B02102017173633096854100
10/02/17,17:42:57,10/02/17,17:42:57,0,dbtest1,2,B02102017174257195438987
10/02/17,17:44:47,10/02/17,17:44:48,1,dbtest1,2,B02102017174447249674823
10/02/17,18:02:28,10/02/17,18:02:29,1,dbtest1,2,B02102017180228294146107
10/02/17,18:09:04,10/02/17,18:09:05,1,dbtest1,2,B02102017180904284771472
10/02/17,18:17:52,10/02/17,18:17:53,1,dbtest1,2,B02102017181752227718597
10/02/17,18:23:00,10/02/17,18:23:00,0,dbtest1,2,B02102017182300230327177
10/02/17,18:34:34,10/02/17,18:34:44,10,dbtest1,2,B02102017183434278987302
10/02/17,18:56:13,10/02/17,18:56:15,2,dbtest1,2,B02102017185613291040152
10/02/17,19:01:33,10/02/17,19:01:35,2,dbtest1,2,B02102017190133194227425
10/02/17,19:12:22,10/02/17,19:12:24,2,dbtest1,2,B02102017191222232250567
10/02/17,19:15:43,10/02/17,19:15:45,2,dbtest1,2,B02102017191543207160636
10/02/17,19:31:10,10/02/17,19:31:12,2,dbtest1,2,B02102017193110282190873
10/02/17,19:40:31,10/02/17,19:40:33,2,dbtest1,2,B02102017194031271451884
10/02/17,19:49:19,10/02/17,19:49:19,0,dbtest1,2,B02102017194919190834837
10/02/17,20:00:41,10/02/17,20:00:41,0,dbtest1,2,B02102017200041249055168
10/02/17,20:01:25,10/02/17,20:01:27,2,dbtest1,2,B02102017200125261561336
10/02/17,20:56:37,10/02/17,20:56:41,4,dbtest1,2,B02102017205637169232418
10/02/17,22:01:03,10/02/17,22:01:11,8,dbtest1,2,B02102017220103256743828
10/02/17,22:28:02,10/02/17,22:28:08,6,dbtest1,2,B02102017222802257120124
10/11/17,17:53:15,10/11/17,17:53:21,6,dbtest1,2,B11102017175315316663627
10/11/17,17:58:34,10/11/17,17:58:44,10,dbtest1,2,B11102017175834237720697
10/11/17,18:21:51,10/11/17,18:21:58,7,dbtest1,2,B11102017182151202906170
10/11/17,18:31:01,10/11/17,18:31:10,9,dbtest1,2,B11102017183101235462476
10/11/17,19:12:19,10/11/17,19:12:35,16,dbtest1,2,B11102017191219249955564
10/11/17,20:16:09,10/11/17,20:16:28,19,dbtest1,2,B11102017201609199643257
10/11/17,20:20:46,10/11/17,20:21:01,15,dbtest1,2,B11102017202046179962473
10/11/17,20:26:49,10/11/17,20:27:04,15,dbtest1,2,B11102017202649270985817
10/11/17,21:12:42,10/11/17,21:13:02,20,dbtest1,2,B11102017211242185800659
10/11/17,21:46:50,10/11/17,21:47:18,28,dbtest1,2,B11102017214650200083294
10/11/17,23:10:49,10/11/17,23:11:09,20,dbtest1,2,B11102017231049218471079
10/11/17,23:15:36,10/11/17,23:16:03,27,dbtest1,2,B11102017231536235045002
10/11/17,23:18:21,10/11/17,23:18:42,21,dbtest1,2,B11102017231821185307553
10/11/17,23:24:57,10/11/17,23:25:17,20,dbtest1,2,B11102017232457236144247
10/11/17,23:33:45,10/11/17,23:34:01,16,dbtest1,2,B11102017233345218443113
10/11/17,23:38:42,10/11/17,23:38:58,16,dbtest1,2,B11102017233842217041236
10/12/17,15:05:09,10/12/17,15:05:23,14,dbtest1,2,B12102017150509237689983
10/12/17,15:26:28,10/12/17,15:26:44,16,dbtest1,2,B12102017152628236652352
10/12/17,15:32:20,10/12/17,15:32:43,23,dbtest1,2,B12102017153220239732859
10/12/17,15:46:08,10/12/17,15:46:24,16,dbtest1,2,B12102017154608259563603
10/12/17,15:54:37,10/12/17,15:54:52,15,dbtest1,2,B12102017155437221925730
10/12/17,15:59:45,10/12/17,16:00:04,19,dbtest1,2,B12102017155945251455315
10/12/17,16:03:37,10/12/17,16:03:57,20,dbtest1,2,B12102017160337220075832
10/12/17,16:05:38,10/12/17,16:05:57,19,dbtest1,2,B12102017160538250378101
10/12/17,16:08:48,10/12/17,16:09:06,18,dbtest1,2,B12102017160848214683607
10/12/17,16:17:58,10/12/17,16:18:15,17,dbtest1,2,B12102017161758180929213
10/12/17,16:23:06,10/12/17,16:23:28,22,dbtest1,2,B12102017162306208856759
10/12/17,16:27:41,10/12/17,16:28:02,21,dbtest1,2,B12102017162741266151014
10/12/17,16:31:44,10/12/17,16:32:02,18,dbtest1,2,B12102017163144424247850
10/12/17,16:34:51,10/12/17,16:35:13,22,dbtest1,2,B12102017163451268453089
10/12/17,16:39:04,10/12/17,16:39:35,31,dbtest1,2,B12102017163904266120849
10/12/17,16:43:50,10/12/17,16:44:13,23,dbtest1,2,B12102017164350284708985
10/12/17,16:45:18,10/12/17,16:45:32,14,dbtest1,2,B12102017164518245121429
10/12/17,16:51:34,10/12/17,16:51:54,20,dbtest1,2,B12102017165134235772776
10/12/17,16:54:08,10/12/17,16:54:25,17,dbtest1,2,B12102017165408241289680
10/12/17,20:08:05,10/12/17,20:08:36,31,dbtest1,2,B12102017200805316064259
10/12/17,20:37:50,10/12/17,20:38:07,17,dbtest1,2,B12102017203750214373196
10/12/17,20:40:02,10/12/17,20:40:18,16,dbtest1,2,B12102017204002189061065
10/12/17,20:42:14,10/12/17,20:42:27,13,dbtest1,2,B12102017204214258853993
10/13/17,01:06:27,10/13/17,01:06:51,24,dbtest1,2,B13102017010627282128492
10/13/17,01:22:24,10/13/17,01:22:39,15,dbtest1,2,B13102017012224225855916
10/13/17,01:25:42,10/13/17,01:25:56,14,dbtest1,2,B13102017012542195440189
10/13/17,01:58:42,10/13/17,01:58:59,17,dbtest1,2,B13102017015842216899542
10/13/17,02:39:57,10/13/17,02:40:16,19,iotest1,2,B13102017023957366170933
10/13/17,02:46:33,10/13/17,02:46:53,20,iotest1,2,B13102017024633401994187
10/13/17,03:00:43,10/13/17,03:01:19,36,iotest1,2,B13102017030043171868123
10/13/17,03:12:27,10/13/17,03:12:48,21,iotest1,2,B13102017031227525332352
10/13/17,03:42:44,10/13/17,03:43:18,34,iotest1,2,B13102017034244953278312
10/13/17,11:56:12,10/13/17,11:56:44,32,iotest1,2,B13102017115612801683722
10/13/17,12:20:58,10/13/17,12:21:28,30,iotest1,2,B13102017122058287240041
10/13/17,13:16:11,10/13/17,13:16:40,29,iotest1,2,B13102017131611170364002
10/13/17,13:23:13,10/13/17,13:23:34,21,iotest1,2,B13102017132313170153901
10/13/17,13:30:22,10/13/17,13:30:43,21,iotest1,2,B13102017133022218504856
10/13/17,14:02:18,10/13/17,14:02:39,21,iotest1,2,B13102017140218179552572
10/13/17,14:09:27,10/13/17,14:09:53,26,iotest1,2,B13102017140927173131199
10/13/17,14:20:49,10/13/17,14:21:09,20,iotest1,2,B13102017142049239925435
10/13/17,14:38:03,10/13/17,14:38:27,24,iotest1,2,B13102017143803256152821
10/13/17,14:52:11,10/13/17,14:52:38,27,iotest1,2,B13102017145211248515064
10/13/17,16:50:28,10/13/17,16:50:45,17,iotest1,2,B13102017165028492377362
10/13/17,17:49:20,10/13/17,17:49:45,25,iotest1,2,B13102017174920170828974
10/13/17,18:30:37,10/13/17,18:30:59,22,iotest1,2,B13102017183037233817123
10/14/17,02:56:35,10/14/17,02:56:55,20,iotest1,2,B14102017025635224392231
10/14/17,11:24:49,10/14/17,11:24:58,9,iotest1,2,B14102017112449291410214
10/14/17,12:25:01,10/14/17,12:25:01,0,IOTest_configs/NoDev_1_factory.conf,2,B14102017122501229201600
10/14/17,12:29:59,10/14/17,12:29:59,0,NoDev_1_factory.conf,2,B14102017122959215261874
10/14/17,12:49:28,10/14/17,12:50:42,74,NoDev_1_factory,2,B14102017124928284751493
10/14/17,12:52:36,10/14/17,12:53:28,52,IOtest_configs/NoDev_1_machine,2,B14102017125236188844378
10/14/17,13:01:35,10/14/17,13:01:35,0,IOtest_configs/NoDev_1_industry,2,B14102017130135673705524
10/14/17,13:01:35,10/14/17,13:02:26,51,IOtest_configs/NoDev_1_tool,2,B14102017130135215524128
10/14/17,13:01:35,10/14/17,13:02:28,53,IOtest_configs/NoDev_1_machine,2,B14102017130135239355494
10/14/17,13:01:35,10/14/17,13:02:48,73,IOtest_configs/NoDev_1_factory,2,B14102017130135268473413
10/14/17,13:05:37,10/14/17,13:08:03,146,IOtest_configs/NoDev_1_industry,2,B14102017130537247088967
10/14/17,13:20:17,10/14/17,13:21:20,63,IOtest_configs/NoDev_1_tool,1,B14102017132017183370823
10/14/17,13:20:17,10/14/17,13:22:10,113,IOtest_configs/NoDev_5_tool,1,B14102017132017784532510
10/14/17,13:20:17,10/14/17,13:22:13,116,IOtest_configs/NoDev_3_tool,1,B14102017132017291549117
10/14/17,13:20:17,10/14/17,13:22:14,117,IOtest_configs/NoDev_1_factory,1,B14102017132017238368505
10/14/17,13:20:18,10/14/17,13:22:31,133,IOtest_configs/NoDev_7_tool,1,B14102017132018345437277
10/14/17,13:20:17,10/14/17,13:23:22,185,IOtest_configs/NoDev_1_machine,1,B14102017132017208817774
10/14/17,13:20:17,10/14/17,13:25:07,290,IOtest_configs/NoDev_3_machine,1,B14102017132017334026452
10/14/17,13:20:17,10/14/17,13:25:42,325,IOtest_configs/NoDev_1_industry,1,B14102017132017269200940
10/14/17,13:20:18,10/14/17,13:26:11,353,IOtest_configs/NoDev_5_machine,1,B14102017132018153509353
10/14/17,13:20:18,10/14/17,13:27:08,410,IOtest_configs/NoDev_7_factory,1,B14102017132018388541043
10/14/17,13:20:18,10/14/17,13:27:09,411,IOtest_configs/NoDev_7_industry,1,B14102017132018534415608
10/14/17,13:20:18,10/14/17,13:27:20,422,IOtest_configs/NoDev_7_machine,1,B14102017132018363645076
10/14/17,13:37:35,10/14/17,13:39:24,109,IOtest_configs/NoDev_3_tool,1,B14102017133735332880268
10/14/17,13:37:35,10/14/17,13:39:25,110,IOtest_configs/NoDev_1_tool,1,B14102017133735226355971
10/14/17,13:37:35,10/14/17,13:39:32,117,IOtest_configs/NoDev_5_tool,1,B14102017133735451475161
10/14/17,13:37:35,10/14/17,13:39:33,118,IOtest_configs/NoDev_1_factory,1,B14102017133735282503393
10/14/17,13:37:35,10/14/17,13:40:03,148,IOtest_configs/NoDev_7_tool,1,B14102017133735552912926
10/14/17,13:37:35,10/14/17,13:40:25,170,IOtest_configs/NoDev_1_machine,1,B14102017133735250193482
10/14/17,13:37:35,10/14/17,13:42:16,281,IOtest_configs/NoDev_3_machine,1,B14102017133735362547296
10/14/17,13:37:35,10/14/17,13:42:35,300,IOtest_configs/NoDev_1_industry,1,B14102017133735305407463
10/14/17,13:37:35,10/14/17,13:44:08,393,IOtest_configs/NoDev_7_machine,1,B14102017133735577977075
10/14/17,13:37:35,10/14/17,13:44:19,404,IOtest_configs/NoDev_5_machine,1,B14102017133735478255197
10/14/17,13:37:35,10/14/17,13:44:19,404,IOtest_configs/NoDev_7_industry,1,B14102017133735636880702
10/14/17,13:37:35,10/14/17,13:44:47,432,IOtest_configs/NoDev_7_factory,1,B14102017133735607869332
10/14/17,13:37:35,10/14/17,13:48:27,652,IOtest_configs/NoDev_5_industry,1,B14102017133735526597099
10/14/17,13:37:35,10/14/17,13:48:48,673,IOtest_configs/NoDev_5_factory,1,B14102017133735503489217
10/14/17,13:37:35,10/14/17,13:51:28,833,IOtest_configs/NoDev_3_factory,1,B14102017133735401719303
10/14/17,14:15:24,10/14/17,14:17:46,142,IOtest_configs/collapse/NoDev_1_tool,1,B14102017141524219019220
10/14/17,14:15:24,10/14/17,14:19:38,254,IOtest_configs/collapse/NoDev_3_tool,1,B14102017141524327498326
10/14/17,14:15:24,10/14/17,14:19:46,262,IOtest_configs/collapse/NoDev_5_tool,1,B14102017141524437660942
10/14/17,14:15:24,10/14/17,14:20:22,298,IOtest_configs/collapse/NoDev_7_tool,1,B14102017141524549933534
10/14/17,14:15:24,10/14/17,14:22:21,417,IOtest_configs/collapse/NoDev_1_machine,1,B14102017141524244390392
10/14/17,14:15:24,10/14/17,14:25:13,589,IOtest_configs/collapse/NoDev_1_industry,1,B14102017141524304130619
10/14/17,14:15:24,10/14/17,14:28:26,782,IOtest_configs/collapse/NoDev_3_machine,1,B14102017141524356756849
10/14/17,14:15:24,10/14/17,14:28:34,790,IOtest_configs/collapse/NoDev_1_factory,1,B14102017141524277254780
10/14/17,14:15:24,10/14/17,14:29:08,824,IOtest_configs/collapse/NoDev_7_machine,1,B14102017141524576220647
10/14/17,14:15:24,10/14/17,14:29:42,858,IOtest_configs/collapse/NoDev_7_industry,1,B14102017141524628199365
10/14/17,14:15:24,10/14/17,14:30:24,900,IOtest_configs/collapse/NoDev_5_machine,1,B14102017141524462847447
10/14/17,14:15:24,10/14/17,14:30:45,921,IOtest_configs/collapse/NoDev_7_factory,1,B14102017141524599806314
10/14/17,14:15:24,10/14/17,14:43:10,1666,IOtest_configs/collapse/NoDev_5_factory,1,B14102017141524491026037
10/14/17,14:15:24,10/14/17,14:46:10,1846,IOtest_configs/collapse/NoDev_5_industry,1,B14102017141524516384085
10/14/17,14:15:24,10/14/17,14:48:30,1986,IOtest_configs/collapse/NoDev_3_factory,1,B14102017141524384758230
10/14/17,15:19:57,10/14/17,15:21:36,99,IOtest/NoDev_1_tool,1,B14102017151957238153521
10/14/17,15:39:24,10/14/17,15:41:04,100,IOtest/NoDev_1_tool,1,B14102017153924200167403
10/14/17,15:39:24,10/14/17,15:41:14,110,IOtest/NoDev_3_tool,1,B14102017153924306440042
10/14/17,15:39:24,10/14/17,15:41:16,112,IOtest/NoDev_5_tool,1,B14102017153924425331014
10/14/17,15:39:24,10/14/17,15:41:55,151,IOtest/NoDev_7_tool,1,B14102017153924526978028
10/14/17,15:39:24,10/14/17,15:42:33,189,IOtest/NoDev_1_machine,1,B14102017153924222832197
10/14/17,15:39:24,10/14/17,15:43:53,269,IOtest/NoDev_1_factory,1,B14102017153924254338505
10/14/17,15:39:24,10/14/17,15:44:09,285,IOtest/NoDev_3_machine,1,B14102017153924335376413
10/14/17,15:39:24,10/14/17,15:44:17,293,IOtest/NoDev_1_industry,1,B14102017153924283315502
10/14/17,15:39:24,10/14/17,15:45:00,336,IOtest/NoDev_7_machine,1,B14102017153924552463540
10/14/17,15:39:24,10/14/17,15:45:39,375,IOtest/NoDev_7_factory,1,B14102017153924582545771
10/14/17,15:41:38,10/14/17,15:45:43,245,IOtest/collapse/NoDev_1_tool,1,B14102017154138812267417
10/14/17,15:41:39,10/14/17,15:45:43,244,IOtest/collapse/NoDev_3_tool,1,B14102017154139026908026
10/14/17,15:39:24,10/14/17,15:46:01,397,IOtest/NoDev_5_machine,1,B14102017153924450916635
10/14/17,15:39:24,10/14/17,15:46:09,405,IOtest/NoDev_7_industry,1,B14102017153924612363569
10/14/17,15:41:39,10/14/17,15:46:26,287,IOtest/collapse/NoDev_5_tool,1,B14102017154139134052939
10/14/17,15:41:39,10/14/17,15:46:56,317,IOtest/collapse/NoDev_7_tool,1,B14102017154139241866058
10/14/17,15:39:24,10/14/17,15:48:51,567,IOtest/NoDev_5_industry,1,B14102017153924500620252
10/14/17,15:41:38,10/14/17,15:49:51,493,IOtest/collapse/NoDev_1_machine,1,B14102017154138934090058
10/14/17,15:39:24,10/14/17,15:50:30,666,IOtest/NoDev_5_factory,1,B14102017153924475583898
10/14/17,15:41:38,10/14/17,15:51:57,619,IOtest/collapse/NoDev_1_industry,1,B14102017154138993364914
10/14/17,15:39:24,10/14/17,15:52:57,813,IOtest/NoDev_3_factory,1,B14102017153924368248133
10/14/17,15:41:39,10/14/17,15:54:06,747,IOtest/collapse/NoDev_3_machine,1,B14102017154139051521503
10/14/17,15:41:50,10/14/17,15:55:00,790,IOtest/collapse/NoDev_7_factory,1,B14102017154150243242535
10/14/17,15:41:39,10/14/17,15:55:06,807,IOtest/collapse/NoDev_7_machine,1,B14102017154139269657201
10/14/17,15:41:39,10/14/17,15:55:09,810,IOtest/collapse/NoDev_5_machine,1,B14102017154139162849517
10/14/17,15:41:50,10/14/17,15:55:11,801,IOtest/collapse/NoDev_7_industry,1,B14102017154150281298129
10/14/17,15:41:38,10/14/17,16:06:52,1514,IOtest/collapse/NoDev_1_factory,1,B14102017154138965082590
10/14/17,15:41:39,10/14/17,16:07:20,1541,IOtest/collapse/NoDev_5_factory,1,B14102017154139189599426
10/14/17,15:41:39,10/14/17,16:10:36,1737,IOtest/collapse/NoDev_5_industry,1,B14102017154139212664532
10/14/17,15:39:24,10/14/17,16:11:22,1918,IOtest/NoDev_3_industry,1,B14102017153924392942832
10/14/17,15:41:39,10/14/17,16:15:32,2033,IOtest/collapse/NoDev_3_factory,1,B14102017154139089526625
10/14/17,15:41:39,10/14/17,16:51:01,4162,IOtest/collapse/NoDev_3_industry,1,B14102017154139107641369
10/14/17,18:17:13,10/14/17,18:21:18,245,IOtest/NoDev_1_tool,1,B14102017181713015849021
10/14/17,18:17:12,10/14/17,18:23:15,363,IOtest/collapse/NoDev_1_tool,1,B14102017181712347959116
10/14/17,18:17:13,10/14/17,18:23:34,381,IOtest/NoDev_1_factory,1,B14102017181713131845911
10/14/17,18:17:12,10/14/17,18:24:12,420,IOtest/collapse/NoDev_3_tool,1,B14102017181712501143255
10/14/17,18:17:13,10/14/17,18:24:19,426,IOtest/NoDev_5_tool,1,B14102017181713390011269
10/14/17,18:17:13,10/14/17,18:24:31,438,IOtest/NoDev_3_tool,1,B14102017181713174008444
10/14/17,18:17:12,10/14/17,18:25:24,492,IOtest/collapse/NoDev_5_tool,1,B14102017181712645772787
10/14/17,18:17:13,10/14/17,18:25:54,521,IOtest/NoDev_7_tool,1,B14102017181713541431065
10/14/17,18:17:12,10/14/17,18:26:18,546,IOtest/collapse/NoDev_7_tool,1,B14102017181712893377944
10/14/17,18:17:12,10/14/17,18:29:47,755,IOtest/collapse/NoDev_1_machine,1,B14102017181712365381059
10/14/17,18:17:13,10/14/17,18:31:52,879,IOtest/NoDev_1_machine,1,B14102017181713043218937
10/14/17,18:17:13,10/14/17,18:32:50,937,IOtest/NoDev_1_industry,1,B14102017181713148943712
10/14/17,18:17:13,10/14/17,18:38:07,1254,IOtest/NoDev_3_machine,1,B14102017181713258598094
10/14/17,18:17:13,10/14/17,18:39:32,1339,IOtest/NoDev_5_machine,1,B14102017181713409391534
10/14/17,18:17:12,10/14/17,18:39:39,1347,IOtest/collapse/NoDev_3_machine,1,B14102017181712525834072
10/14/17,18:17:12,10/14/17,18:40:59,1427,IOtest/collapse/NoDev_5_machine,1,B14102017181712783662195
10/14/17,18:17:12,10/14/17,18:42:03,1491,IOtest/collapse/NoDev_7_machine,1,B14102017181712893692308
10/14/17,18:17:13,10/14/17,18:42:29,1516,IOtest/NoDev_7_machine,1,B14102017181713559803373
10/14/17,18:17:13,10/14/17,18:43:32,1579,IOtest/NoDev_7_factory,1,B14102017181713660080059
10/14/17,18:17:13,10/14/17,18:43:59,1606,IOtest/collapse/NoDev_7_industry,1,B14102017181712998668684
10/14/17,18:17:13,10/14/17,18:44:05,1612,IOtest/NoDev_7_industry,1,B14102017181713677191105
10/14/17,18:17:12,10/14/17,18:44:10,1618,IOtest/collapse/NoDev_7_factory,1,B14102017181712909703124
10/14/17,18:17:12,10/14/17,18:45:13,1681,IOtest/collapse/NoDev_1_factory,1,B14102017181712394891182
10/14/17,18:17:12,10/14/17,18:48:03,1851,IOtest/collapse/NoDev_1_industry,1,B14102017181712482305126
10/14/17,18:17:13,10/14/17,19:14:13,3420,IOtest/NoDev_5_industry,1,B14102017181713520188435
10/14/17,18:17:12,10/14/17,19:15:22,3490,IOtest/collapse/NoDev_5_industry,1,B14102017181712784129688
10/14/17,18:17:13,10/14/17,19:18:39,3686,IOtest/NoDev_3_factory,1,B14102017181713270077319
10/14/17,18:17:12,10/14/17,19:20:16,3784,IOtest/collapse/NoDev_5_factory,1,B14102017181712783978070
10/14/17,18:17:13,10/14/17,19:22:00,3887,IOtest/NoDev_5_factory,1,B14102017181713434044698
10/14/17,18:17:12,10/14/17,19:22:21,3909,IOtest/collapse/NoDev_3_factory,1,B14102017181712603175887
10/14/17,18:17:13,10/14/17,20:12:06,6893,IOtest/NoDev_3_industry,1,B14102017181713300728374
10/14/17,18:17:12,10/14/17,20:52:46,9334,IOtest/collapse/NoDev_3_industry,1,B14102017181712624308708
11/10/17,01:19:13,11/10/17,01:19:16,3,iotest1,1,B10112017011913309160544
11/10/17,01:29:42,11/10/17,01:29:47,5,iotest1,1,B10112017012942178171974
11/10/17,01:30:15,11/10/17,01:30:24,9,iotest1,1,B10112017013015250218823
11/10/17,01:48:47,11/10/17,01:48:55,8,iotest1,2,B10112017014847164472640
11/10/17,01:51:43,11/10/17,01:51:53,10,iotest1,2,B10112017015143200250283
11/10/17,02:02:32,11/10/17,04:53:03,10231,IOtest/collapse/NoDev_5_tool,5,B10112017020232263024532
11/10/17,02:02:32,11/10/17,05:31:24,12532,IOtest/collapse/NoDev_7_tool,5,B10112017020232481452984
11/10/17,02:02:32,11/10/17,06:36:21,16429,IOtest/collapse/NoDev_5_machine,5,B10112017020232288315875
11/10/17,02:02:32,11/10/17,07:02:26,17994,IOtest/collapse/NoDev_7_industry,5,B10112017020232686892346
11/10/17,02:02:32,11/10/17,07:02:49,18017,IOtest/collapse/NoDev_7_factory,5,B10112017020232669381267
11/10/17,02:02:32,11/10/17,07:13:33,18661,IOtest/collapse/NoDev_7_machine,5,B10112017020232506807973
11/10/17,02:02:32,11/10/17,09:17:19,26087,IOtest/collapse/NoDev_5_factory,5,B10112017020232313475985
11/10/17,02:02:32,11/10/17,09:37:30,27298,IOtest/collapse/NoDev_5_industry,5,B10112017020232465333121
11/11/17,17:35:51,11/11/17,18:05:38,1787,IOtest/nocollapse/NoDev_5_tool,1,B11112017173551244767262
11/11/17,17:35:07,11/11/17,18:31:10,3363,IOtest/collapse/NoDev_5_tool,2,B11112017173507304399960
11/11/17,20:56:38,11/11/17,20:56:38,0,IOtest/collapse/NoDev_3,5_tool,1,B11112017205638290850579
11/11/17,20:56:38,11/11/17,20:56:38,0,IOtest/collapse/NoDev_3,5_machine,1,B11112017205638312707579
11/11/17,20:56:38,11/11/17,20:56:38,0,IOtest/collapse/NoDev_3,5_factory,1,B11112017205638335435929
11/11/17,20:56:38,11/11/17,20:56:38,0,IOtest/collapse/NoDev_3,5_industry,1,B11112017205638423335579
11/11/17,20:57:55,11/11/17,21:56:17,3502,IOtest/nocollapse/NoDev_3_tool,1,B11112017205755190987562
11/11/17,20:57:33,11/11/17,21:59:52,3739,IOtest/collapse/NoDev_3_tool,1,B11112017205733171529975
11/11/17,20:57:55,11/11/17,22:03:54,3959,IOtest/nocollapse/NoDev_5_tool,1,B11112017205755517479461
11/11/17,20:57:33,11/11/17,22:04:02,3989,IOtest/collapse/NoDev_5_tool,1,B11112017205733277465715
11/11/17,20:57:55,11/11/17,22:06:30,4115,IOtest/nocollapse/NoDev_3_machine,1,B11112017205755327794901
11/11/17,20:57:33,11/11/17,22:06:31,4138,IOtest/collapse/NoDev_3_machine,1,B11112017205733196625946
11/11/17,20:57:55,11/11/17,22:21:27,5012,IOtest/nocollapse/NoDev_5_machine,1,B11112017205755533762332
11/11/17,20:57:33,11/11/17,22:22:48,5115,IOtest/collapse/NoDev_5_machine,1,B11112017205733293510304
11/11/17,20:57:55,11/11/17,22:45:35,6460,IOtest/nocollapse/NoDev_3_factory,1,B11112017205755344213298
11/11/17,20:57:55,11/11/17,22:50:27,6752,IOtest/nocollapse/NoDev_5_industry,1,B11112017205755684173960
11/11/17,20:57:33,11/11/17,22:51:09,6816,IOtest/collapse/NoDev_5_industry,1,B11112017205733409518776
11/11/17,20:57:33,11/11/17,22:52:04,6871,IOtest/collapse/NoDev_3_factory,1,B11112017205733222508337
11/11/17,20:57:33,11/11/17,22:55:47,7094,IOtest/collapse/NoDev_5_factory,1,B11112017205733393272231
11/11/17,20:57:55,11/11/17,23:02:42,7487,IOtest/nocollapse/NoDev_5_factory,1,B11112017205755561276113
11/11/17,20:57:33,11/11/17,23:49:35,10322,IOtest/collapse/NoDev_3_industry,1,B11112017205733251135078
11/11/17,20:57:55,11/12/17,00:14:50,11815,IOtest/nocollapse/NoDev_3_industry,1,B11112017205755368812678
11/12/17,04:06:17,11/12/17,04:36:09,1792,IOtest/collapse/NoDev_3_tool,1,B12112017040617929208091
11/12/17,04:06:29,11/12/17,04:38:39,1930,IOtest/nocollapse/NoDev_3_tool,1,B12112017040629209026306
11/12/17,04:06:17,11/12/17,04:42:19,2162,IOtest/collapse/NoDev_3_machine,1,B12112017040617948214837
11/12/17,04:06:29,11/12/17,04:43:27,2218,IOtest/nocollapse/NoDev_5_tool,1,B12112017040629441692974
11/12/17,04:06:18,11/12/17,04:44:42,2304,IOtest/collapse/NoDev_5_tool,1,B12112017040618078333585
11/12/17,04:06:29,11/12/17,04:44:54,2305,IOtest/nocollapse/NoDev_3_machine,1,B12112017040629297826214
11/12/17,04:06:18,11/12/17,04:52:55,2797,IOtest/collapse/NoDev_5_machine,1,B12112017040618104681097
11/12/17,04:06:29,11/12/17,04:53:53,2844,IOtest/nocollapse/NoDev_5_machine,1,B12112017040629457260582
11/12/17,04:06:29,11/12/17,05:04:33,3484,IOtest/nocollapse/NoDev_3_factory,1,B12112017040629313103395
11/12/17,04:06:29,11/12/17,05:09:03,3754,IOtest/nocollapse/NoDev_5_industry,1,B12112017040629553704160
11/12/17,04:06:17,11/12/17,05:10:09,3832,IOtest/collapse/NoDev_3_factory,1,B12112017040617973922230
11/12/17,04:06:29,11/12/17,05:15:24,4135,IOtest/nocollapse/NoDev_5_factory,1,B12112017040629481739890
11/12/17,04:06:18,11/12/17,05:15:50,4172,IOtest/collapse/NoDev_5_industry,1,B12112017040618209985544
11/12/17,04:06:18,11/12/17,05:18:39,4341,IOtest/collapse/NoDev_5_factory,1,B12112017040618191349999
11/12/17,04:06:29,11/12/17,05:45:12,5923,IOtest/nocollapse/NoDev_3_industry,1,B12112017040629339310367
11/12/17,04:06:18,11/12/17,06:04:29,7091,IOtest/collapse/NoDev_3_industry,1,B12112017040618060980035
11/12/17,06:09:26,11/12/17,06:45:46,2180,IOtest/collapse/NoDev_5_tool,1,B12112017060926422287909
11/12/17,06:09:26,11/12/17,06:46:43,2237,IOtest/collapse/NoDev_3_tool,1,B12112017060926275651636
11/12/17,06:09:26,11/12/17,06:48:12,2326,IOtest/nocollapse/NoDev_5_tool,1,B12112017060926795844698
11/12/17,06:09:26,11/12/17,06:48:46,2360,IOtest/nocollapse/NoDev_3_machine,1,B12112017060926666329150
11/12/17,06:09:26,11/12/17,06:50:16,2450,IOtest/nocollapse/NoDev_3_tool,1,B12112017060926571737376
11/12/17,06:09:26,11/12/17,06:51:44,2538,IOtest/collapse/NoDev_3_machine,1,B12112017060926295104603
11/12/17,06:09:26,11/12/17,06:55:51,2785,IOtest/collapse/NoDev_5_machine,1,B12112017060926448627460
11/12/17,06:09:26,11/12/17,06:58:12,2926,IOtest/nocollapse/NoDev_5_machine,1,B12112017060926813212494
11/12/17,06:09:26,11/12/17,07:11:07,3701,IOtest/nocollapse/NoDev_5_industry,1,B12112017060926913220980
11/12/17,06:09:26,11/12/17,07:12:06,3760,IOtest/collapse/NoDev_5_factory,1,B12112017060926531969580
11/12/17,06:09:26,11/12/17,07:13:42,3856,IOtest/collapse/NoDev_5_industry,1,B12112017060926539394731
11/12/17,06:09:26,11/12/17,07:13:54,3868,IOtest/collapse/NoDev_3_factory,1,B12112017060926319552394
11/12/17,06:09:26,11/12/17,07:16:25,4019,IOtest/nocollapse/NoDev_3_factory,1,B12112017060926683488750
11/12/17,06:09:26,11/12/17,07:21:06,4300,IOtest/nocollapse/NoDev_5_factory,1,B12112017060926837011856
11/12/17,06:09:26,11/12/17,07:30:18,4852,IOtest/collapse/NoDev_3_industry,1,B12112017060926403386802
11/12/17,06:09:26,11/12/17,07:37:00,5254,IOtest/nocollapse/NoDev_3_industry,1,B12112017060926708641967
