UniqueKey,ConfigName,Group_Num,NUM_AGENTS,NUM_RESOURCES,NUM_AGENT_GROUPS,TRADE_EXISTS,DEVICES_EXIST,TOOLS_ONLY,NUM_DAYS,START_DAY,DAY_LENGTH,RES_TRADE_ROUNDS,RES_TRADE_ATTEMPTS,DEVICE_TRADE_ROUNDS,DEVICE_TRADE_ATTEMPTS,MENU_SIZE,DEVICE_TRADE_MEMORY_LENGTH,DEVICE_PRODUCTION_MEMORY_LENGTH,MIN_DEVICE_FOR_DEV_DEVICE_CONSIDERATION,MIN_RES_HELD_FOR_DEVICE_CONSIDERATION,DAILY_EXP_PENALTY,PRODUCTION_EPSILON,RESOURCES_IN_TOOL,MAX_RES_EXPERIENCE,INVENTOR_DEVICE_EXPERIENCE,NUM_DEVICE_COMPONENTS,MAX_DEVICE_EXPERIENCE,DAILY_DEVICE_DECAY,MIN_HELD_DEVICE_EXPERIENCE,MAX_RES_EFFORT,MIN_RES_EFFORT,MAX_DEVICE_EFFORT,MIN_DEVICE_EFFORT,MIN_RES_UTIL,TRADE_EPSILON,TOOL_PROBABILITY_FACTOR,DEVICE_PROBABILITY_FACTOR,TOOL_FACTOR,TOOL_LIFETIME,MACHINE_FACTOR,MACHINE_LIFETIME,FACTORY_FACTOR,FACTORY_LIFETIME,INDUSTRY_FACTOR,INDUSTRY_LIFETIME,DEV_MACHINE_FACTOR,DEV_MACHINE_LIFETIME,DEV_FACTORY_FACTOR,DEV_FACTORY_LIFETIME,DAYS_OF_DEVICE_TO_HOLD,REMOVE_RES,RES_TO_REMOVE,REMOVE_RES_DAY,ELIMINATE_RESERVES,REMOVE_AGENT,AGENT_TO_REMOVE,REMOVE_AGENT_DAY,END_SAVE,SAVE_FOLDER,SAVE_DAY_STATUS,DAY_STATUS_SAVE_FOLDER,DAY_FOR_SAVE,DAY_STATUS_LOAD_FOLDER,SIM_NAME,SIM_SAVE_FOLDER,SAVE_TRADES,PARALLEL_TRADES
B26032017035406182409712,T4_4_4,0,4,4,1,1,1,0,500,0,600,12,8,12,4,4,5,5,5,3,3,0,3,600,6,4,40,3,2,9,3,27,9,1,0.1,7.50E-05,0.00125,3,150,9,300,27,600,81,1200,0,600,0,600,2,0,0,0,0,0,48,91,1,_Results/T4_4_4,0,,0,,1,_Results/T4_4_4/001,0,0
B26032017035638205477765,T4_24_24,0,24,24,1,1,1,0,100,0,600,12,8,12,4,4,5,5,5,3,3,0,3,600,6,4,40,3,2,9,3,27,9,1,0.1,7.50E-05,0.00125,3,150,9,300,27,600,81,1200,0,600,0,600,2,0,0,0,0,0,48,91,1,_Results/T4_24_24,0,,0,,1,_Results/T4_24_24/001,0,0
B26032017040045171434169,T4_24_24,0,24,24,1,1,1,0,100,0,600,12,8,12,4,4,5,5,5,3,3,0,3,600,6,4,40,3,2,9,3,27,9,1,0.1,7.50E-05,0.00125,3,150,9,300,27,600,81,1200,0,600,0,600,2,0,0,0,0,0,48,91,1,_Results/T4_24_24,0,,0,,1,_Results/T4_24_24/001,0,0
B26032017042340602318831,T4_4_4,0,4,4,1,1,1,0,500,0,600,12,8,12,4,4,5,5,5,3,3,0,3,600,6,4,40,3,2,9,3,27,9,1,0.1,7.50E-05,0.00125,3,150,9,300,27,600,81,1200,0,600,0,600,2,0,0,0,0,0,48,91,1,_Results/T4_4_4,0,,0,,1,_Results/T4_4_4/001,0,0
B26032017042340627189166,T4_24_24,0,24,24,1,1,1,0,100,0,600,12,8,12,4,4,5,5,5,3,3,0,3,600,6,4,40,3,2,9,3,27,9,1,0.1,7.50E-05,0.00125,3,150,9,300,27,600,81,1200,0,600,0,600,2,0,0,0,0,0,48,91,1,_Results/T4_24_24,0,,0,,1,_Results/T4_24_24/001,0,0
B26032017042340657126682,T4_100_100,0,100,100,1,1,1,0,200,0,600,12,8,12,4,4,5,5,5,3,3,0,3,600,6,4,40,3,2,9,3,27,9,1,0.1,7.50E-05,0.00125,3,150,9,300,27,600,81,1200,0,600,0,600,2,0,0,0,0,0,48,91,1,_Results/T4_100_100,0,,0,,1,_Results/T4_100_100/001,0,0
B28032017152012172332947,T4_24_24_500,0,24,24,1,1,1,0,500,0,600,12,8,12,4,4,5,5,5,3,3,0,3,600,6,4,40,3,2,9,3,27,9,1,0.1,7.5e-05,0.00125,3,150,9,300,27,600,81,1200,0,600,0,600,2,0,0,0,0,0,48,91,1,_Results/T4_24_24_500,0,,0,,001,_Results/T4_24_24_500/001,0,0,
B28032017204751253418345,T4_100_100,0,100,100,1,1,1,0,500,0,600,12,8,12,4,4,5,5,5,3,3,0,3,600,6,4,40,3,2,9,3,27,9,1,0.1,7.5e-05,0.00125,3,150,9,300,27,600,81,1200,0,600,0,600,2,0,0,0,0,0,48,91,1,_Results/T4_100_100,0,,0,,001,_Results/T4_100_100/001,0,0,
B28032017204751271778103,T4_100_10,0,100,10,1,1,1,0,500,0,600,12,8,12,4,4,5,5,5,3,3,0,3,600,6,4,40,3,2,9,3,27,9,1,0.1,7.5e-05,0.00125,3,150,9,300,27,600,81,1200,0,600,0,600,2,0,0,0,0,0,48,91,1,_Results/T4_100_10,0,,0,,001,_Results/T4_100_10/001,0,0,
B02102017145007618175217,T1_4_4,0,4,4,1,1,1,1,500,0,600,12,8,12,4,4,5,5,5,3,3,0,3,600,6,4,40,3,2,9,3,27,9,1,0.1,7.5e-05,0.00125,3,150,9,300,27,600,81,1200,0,600,0,600,2,0,0,0,0,0,48,91,1,_Results/T1_4_4,0,,0,,001,_Results/T1_4_4/001,0,0,
B02102017153243266019502,T1_4_4,0,4,4,1,1,1,1,500,0,600,12,8,12,4,4,5,5,5,3,3,0,3,600,6,4,40,3,2,9,3,27,9,1,0.1,7.5e-05,0.00125,3,150,9,300,27,600,81,1200,0,600,0,600,2,0,0,0,0,0,48,91,1,_Results/T1_4_4,0,,0,,001,_Results/T1_4_4/001,0,0,
B02102017170647393554411,dbtest1,0,4,4,1,1,0,0,100,0,600,12,8,12,4,4,5,5,5,3,3,0,5,600,6,4,40,3,2,9,3,27,9,1,0.1,7.5e-05,0.00125,3,150,9,300,27,600,81,1200,0,600,0,600,2,0,0,0,0,0,48,91,1,_Results/dbtest1,0,,0,,001,_Results/dbtest1/001,0,0,
B02102017173633096854100,dbtest1,0,4,4,1,1,0,0,100,0,600,12,8,12,4,4,5,5,5,3,3,0,5,600,6,4,40,3,2,9,3,27,9,1,0.1,7.5e-05,0.00125,3,150,9,300,27,600,81,1200,0,600,0,600,2,0,0,0,0,0,48,91,1,_Results/dbtest1,0,,0,,001,_Results/dbtest1/001,0,0,
B02102017174257195438987,dbtest1,0,4,4,1,1,0,0,100,0,600,12,8,12,4,4,5,5,5,3,3,0,5,600,6,4,40,3,2,9,3,27,9,1,0.1,7.5e-05,0.00125,3,150,9,300,27,600,81,1200,0,600,0,600,2,0,0,0,0,0,48,91,1,_Results/dbtest1,0,,0,,001,_Results/dbtest1/001,0,0,
B02102017174447249674823,dbtest1,0,4,4,1,1,1,0,100,0,600,12,8,12,4,4,5,5,5,3,3,0,5,600,6,4,40,3,2,9,3,27,9,1,0.1,7.5e-05,0.00125,3,150,9,300,27,600,81,1200,0,600,0,600,2,0,0,0,0,0,48,91,1,_Results/dbtest1,0,,0,,001,_Results/dbtest1/001,0,0,
B02102017180228294146107,dbtest1,0,4,4,1,1,1,0,100,0,600,12,8,12,4,4,5,5,5,3,3,0,5,600,6,4,40,3,2,9,3,27,9,1,0.1,7.5e-05,0.00125,3,150,9,300,27,600,81,1200,0,600,0,600,2,0,0,0,0,0,48,91,1,_Results/dbtest1,0,,0,,001,_Results/dbtest1/001,0,0,
B02102017180904284771472,dbtest1,0,4,4,1,1,1,0,100,0,600,12,8,12,4,4,5,5,5,3,3,0,5,600,6,4,40,3,2,9,3,27,9,1,0.1,7.5e-05,0.00125,3,150,9,300,27,600,81,1200,0,600,0,600,2,0,0,0,0,0,48,91,1,_Results/dbtest1,0,,0,,001,_Results/dbtest1/001,0,0,
B02102017181752227718597,dbtest1,0,4,4,1,1,1,0,100,0,600,12,8,12,4,4,5,5,5,3,3,0,5,600,6,4,40,3,2,9,3,27,9,1,0.1,7.5e-05,0.00125,3,150,9,300,27,600,81,1200,0,600,0,600,2,0,0,0,0,0,48,91,1,_Results/dbtest1,0,,0,,001,_Results/dbtest1/001,0,0,
B02102017182300230327177,dbtest1,0,4,4,1,1,1,0,100,0,600,12,8,12,4,4,5,5,5,3,3,0,5,600,6,4,40,3,2,9,3,27,9,1,0.1,7.5e-05,0.00125,3,150,9,300,27,600,81,1200,0,600,0,600,2,0,0,0,0,0,48,91,1,_Results/dbtest1,0,,0,,001,_Results/dbtest1/001,0,0,
B02102017183434278987302,dbtest1,0,4,4,1,1,1,0,100,0,600,12,8,12,4,4,5,5,5,3,3,0,5,600,6,4,40,3,2,9,3,27,9,1,0.1,7.5e-05,0.00125,3,150,9,300,27,600,81,1200,0,600,0,600,2,0,0,7049536,0,0,718335582,-1767278063,1,_Results/dbtest1,0,,16426,,001,_Results/dbtest1/001,0,0,
B02102017185613291040152,dbtest1,0,4,4,1,1,1,0,100,0,600,12,8,12,4,4,5,5,5,3,3,0,5,600,6,4,40,3,2,9,3,27,9,1,0.1,7.5e-05,0.00125,3,150,9,300,27,600,81,1200,0,600,0,600,2,0,0,7049536,0,0,718335582,-1767278063,1,_Results/dbtest1,0,,16426,,001,_Results/dbtest1/001,0,0,
B02102017190133194227425,dbtest1,0,4,4,1,1,1,0,100,0,600,12,8,12,4,4,5,5,5,3,3,0,5,600,6,4,40,3,2,9,3,27,9,1,0.1,7.5e-05,0.00125,3,150,9,300,27,600,81,1200,0,600,0,600,2,0,0,7049536,0,0,718335582,-1767278063,1,_Results/dbtest1,0,,16426,,001,_Results/dbtest1/001,0,0,
B02102017191222232250567,dbtest1,0,4,4,1,1,1,1,100,0,600,12,8,12,4,4,5,5,5,3,3,0,5,600,6,4,40,3,2,9,3,27,9,1,0.1,7.5e-05,0.00125,3,150,9,300,27,600,81,1200,0,600,0,600,2,0,0,7049536,0,0,718335582,-1767278063,1,_Results/dbtest1,0,,16426,,001,_Results/dbtest1/001,0,0,
B02102017191543207160636,dbtest1,0,4,4,1,1,1,1,100,0,600,12,8,12,4,4,5,5,5,3,3,0,5,600,6,4,40,3,2,9,3,27,9,1,0.1,7.5e-05,0.00125,3,150,9,300,27,600,81,1200,0,600,0,600,2,0,0,7049536,0,0,718335582,-1767278063,1,_Results/dbtest1,0,,16426,,001,_Results/dbtest1/001,0,0,
B02102017193110282190873,dbtest1,0,4,4,1,1,1,1,100,0,600,12,8,12,4,4,5,5,5,3,3,0,5,600,6,4,40,3,2,9,3,27,9,1,0.1,7.5e-05,0.00125,3,150,9,300,27,600,81,1200,0,600,0,600,2,0,0,7049536,0,0,718335582,-1767278063,1,_Results/dbtest1,0,,16426,,001,_Results/dbtest1/001,0,0,
B02102017194031271451884,dbtest1,0,4,4,1,1,1,0,100,0,600,12,8,12,4,4,5,5,5,3,3,0,5,600,6,4,40,3,2,9,3,27,9,1,0.1,7.5e-05,0.00125,3,150,9,300,27,600,81,1200,0,600,0,600,2,0,0,7044864,0,0,718335582,-1767278063,1,_Results/dbtest1,0,,16426,,001,_Results/dbtest1/001,0,0,
B02102017194919190834837,dbtest1,0,4,4,1,1,1,0,10,0,600,12,8,12,4,4,5,5,5,3,3,0,5,600,6,4,40,3,2,9,3,27,9,1,0.1,7.5e-05,0.00125,3,150,9,300,27,600,81,1200,0,600,0,600,2,0,0,7044864,0,0,718335582,-1767278063,1,_Results/dbtest1,0,,16426,,001,_Results/dbtest1/001,0,0,
B02102017200041249055168,dbtest1,0,4,4,1,1,1,0,10,0,600,12,8,12,4,4,5,5,5,3,3,0,5,600,6,4,40,3,2,9,3,27,9,1,0.1,7.5e-05,0.00125,3,150,9,300,27,600,81,1200,0,600,0,600,2,0,0,7044864,0,0,718335582,-1767278063,1,_Results/dbtest1,0,,16426,,001,_Results/dbtest1/001,0,0,
B02102017200125261561336,dbtest1,0,4,4,1,1,1,0,100,0,600,12,8,12,4,4,5,5,5,3,3,0,5,600,6,4,40,3,2,9,3,27,9,1,0.1,7.5e-05,0.00125,3,150,9,300,27,600,81,1200,0,600,0,600,2,0,0,7044864,0,0,718335582,-1767278063,1,_Results/dbtest1,0,,16426,,001,_Results/dbtest1/001,0,0,
B02102017205637169232418,dbtest1,0,4,4,1,1,1,0,100,0,600,12,8,12,4,4,5,5,5,3,3,0,5,600,6,4,40,3,2,9,3,27,9,1,0.1,7.5e-05,0.00125,3,150,9,300,27,600,81,1200,0,600,0,600,2,0,0,7044864,0,0,718335582,-1767278063,1,_Results/dbtest1,0,,16426,,001,_Results/dbtest1/001,0,0,
B02102017220103256743828,dbtest1,0,4,4,1,1,1,0,500,0,600,12,8,12,4,4,5,5,5,3,3,0,5,600,6,4,40,3,2,9,3,27,9,1,0.1,7.5e-05,0.00125,3,150,9,300,27,600,81,1200,0,600,0,600,2,0,0,7044864,0,0,718335582,-1767278063,1,_Results/dbtest1,0,,16426,,001,_Results/dbtest1/001,0,0,
B02102017222802257120124,dbtest1,0,2,8,1,1,1,0,100,0,600,12,8,12,4,4,5,5,5,3,3,0,5,600,6,4,40,3,2,9,3,27,9,1,0.1,7.5e-05,0.00125,3,150,9,300,27,600,81,1200,0,600,0,600,2,0,0,7016192,0,0,718335582,-1767278063,1,_Results/dbtest1,0,,16426,,001,_Results/dbtest1/001,0,0,
B11102017175315316663627,dbtest1,0,2,8,1,1,1,0,100,0,600,12,8,12,4,4,5,5,5,3,3,0,5,600,6,4,40,3,2,9,3,27,9,1,0.1,7.5e-05,0.00125,3,150,9,300,27,600,81,1200,0,600,0,600,2,0,0,7016192,0,0,718335582,-1767278063,1,_Results/dbtest1,0,,-1488371670,,001,_Results/dbtest1/001,0,0,
B11102017175834237720697,dbtest1,0,2,8,1,1,1,0,100,0,600,12,8,12,4,4,5,5,5,3,3,0,5,600,6,4,40,3,2,9,3,27,9,1,0.1,7.5e-05,0.00125,3,150,9,300,27,600,81,1200,0,600,0,600,2,0,0,7016192,0,0,718335582,-1767278063,1,_Results/dbtest1,0,,1175994410,,001,_Results/dbtest1/001,0,0,
B11102017182151202906170,dbtest1,0,2,8,1,1,1,0,100,0,600,12,8,12,4,4,5,5,5,3,3,0,5,600,6,4,40,3,2,9,3,27,9,1,0.1,7.5e-05,0.00125,3,150,9,300,27,600,81,1200,0,600,0,600,2,0,0,7016192,0,0,718335582,-1767278063,1,_Results/dbtest1,0,,-427737046,,001,_Results/dbtest1/001,0,0,
B11102017183101235462476,dbtest1,0,2,8,1,1,1,0,100,0,600,12,8,12,4,4,5,5,5,3,3,0,5,600,6,4,40,3,2,9,3,27,9,1,0.1,7.5e-05,0.00125,3,150,9,300,27,600,81,1200,0,600,0,600,2,0,0,7016192,0,0,718335582,-1767278063,1,_Results/dbtest1,0,,-615301078,,001,_Results/dbtest1/001,0,0,
B11102017191219249955564,dbtest1,0,4,10,1,1,1,0,100,0,600,12,8,12,4,4,5,5,5,3,3,0,3,600,6,4,40,3,2,9,3,27,9,1,0.1,7.5e-05,0.00125,3,150,9,300,27,600,81,1200,0,600,0,600,2,0,0,7016192,0,0,718335582,-1767278063,1,_Results/dbtest1,0,,-278249430,,001,_Results/dbtest1/001,0,0,
B11102017201609199643257,dbtest1,0,4,10,1,1,1,0,100,0,600,12,8,12,4,4,5,5,5,3,3,0,3,600,6,4,40,3,2,9,3,27,9,1,0.1,7.5e-05,0.00125,3,150,9,300,27,600,81,1200,0,600,0,600,2,0,0,7016192,0,0,718335582,-1767278063,1,_Results/dbtest1,0,,839598122,,001,_Results/dbtest1/001,0,0,
B11102017202046179962473,dbtest1,0,4,10,1,1,1,0,100,0,600,12,8,12,4,4,5,5,5,3,3,0,3,600,6,4,40,3,2,9,3,27,9,1,0.1,7.5e-05,0.00125,3,150,9,300,27,600,81,1200,0,600,0,600,2,0,0,7016192,0,0,718335582,-1767278063,1,_Results/dbtest1,0,,1925464106,,001,_Results/dbtest1/001,0,0,
B11102017202649270985817,dbtest1,0,4,10,1,1,1,0,100,0,600,12,8,12,4,4,5,5,5,3,3,0,3,600,6,4,40,3,2,9,3,27,9,1,0.1,7.5e-05,0.00125,3,150,9,300,27,600,81,1200,0,600,0,600,2,0,0,7016192,0,0,718335582,-1767278063,1,_Results/dbtest1,0,,-1678688214,,001,_Results/dbtest1/001,0,0,
B11102017211242185800659,dbtest1,0,4,10,1,1,1,0,100,0,600,12,8,12,4,4,5,5,5,3,3,0,3,600,6,4,40,3,2,9,3,27,9,1,0.1,7.5e-05,0.00125,3,150,9,300,27,600,81,1200,0,600,0,600,2,0,0,7016192,0,0,718335582,-1767278063,1,_Results/dbtest1,0,,-2031861718,,001,_Results/dbtest1/001,0,0,
B11102017214650200083294,dbtest1,0,4,10,1,1,1,0,100,0,600,12,8,12,4,4,5,5,5,3,3,0,3,600,6,4,40,3,2,9,3,27,9,1,0.1,7.5e-05,0.00125,3,150,9,300,27,600,81,1200,0,600,0,600,2,0,0,7016192,0,0,718335582,-1767278063,1,_Results/dbtest1,0,,-971227094,,001,_Results/dbtest1/001,0,0,
B11102017231821185307553,dbtest1,0,4,10,1,1,1,0,100,0,600,12,8,12,4,4,5,5,5,3,3,0,3,600,6,4,40,3,2,9,3,27,9,1,0.1,7.5e-05,0.00125,3,150,9,300,27,600,81,1200,0,600,0,600,2,0,0,7016192,0,0,718335582,-1767278063,1,_Results/dbtest1,0,,-497926102,,001,_Results/dbtest1/001,0,0,
B11102017232457236144247,dbtest1,0,4,10,1,1,1,0,100,0,600,12,8,12,4,4,5,5,5,3,3,0,3,600,6,4,40,3,2,9,3,27,9,1,0.1,7.5e-05,0.00125,3,150,9,300,27,600,81,1200,0,600,0,600,2,0,0,7016192,0,0,718335582,-1767278063,1,_Results/dbtest1,0,,-1002094550,,001,_Results/dbtest1/001,0,0,
B11102017233345218443113,dbtest1,0,4,10,1,1,1,0,100,0,600,12,8,12,4,4,5,5,5,3,3,0,3,600,6,4,40,3,2,9,3,27,9,1,0.1,7.5e-05,0.00125,3,150,9,300,27,600,81,1200,0,600,0,600,2,0,0,7016192,0,0,718335582,-1767278063,1,_Results/dbtest1,0,,-191479766,,001,_Results/dbtest1/001,0,0,
B11102017233842217041236,dbtest1,0,4,10,1,1,1,0,100,0,600,12,8,12,4,4,5,5,5,3,3,0,3,600,6,4,40,3,2,9,3,27,9,1,0.1,7.5e-05,0.00125,3,150,9,300,27,600,81,1200,0,600,0,600,2,0,0,7016192,0,0,718335582,-1767278063,1,_Results/dbtest1,0,,1614495786,,001,_Results/dbtest1/001,0,0,
B12102017150509237689983,dbtest1,0,4,10,1,1,1,0,100,0,600,12,8,12,4,4,5,5,5,3,3,0,3,600,6,4,40,3,2,9,3,27,9,1,0.1,7.5e-05,0.00125,3,150,9,300,27,600,81,1200,0,600,0,600,2,0,0,7016192,0,0,718335582,-1767278063,1,_Results/dbtest1,0,,286474282,,001,_Results/dbtest1/001,0,0,
B12102017152628236652352,dbtest1,0,4,10,1,1,1,0,100,0,600,12,8,12,4,4,5,5,5,3,3,0,3,600,6,4,40,3,2,9,3,27,9,1,0.1,7.5e-05,0.00125,3,150,9,300,27,600,81,1200,0,600,0,600,2,0,0,7016192,0,0,718335582,-1767278063,1,_Results/dbtest1,0,,891437098,,001,_Results/dbtest1/001,0,0,
B12102017155437221925730,dbtest1,0,4,10,1,1,1,0,100,0,600,12,8,12,4,4,5,5,5,3,3,0,3,600,6,4,40,3,2,9,3,27,9,1,0.1,7.5e-05,0.00125,3,150,9,300,27,600,81,1200,0,600,0,600,2,0,0,7016192,0,0,718335582,-1767278063,1,_Results/dbtest1,0,,-1419886550,,001,_Results/dbtest1/001,0,0,
B12102017155945251455315,dbtest1,0,4,10,1,1,1,0,100,0,600,12,8,12,4,4,5,5,5,3,3,0,3,600,6,4,40,3,2,9,3,27,9,1,0.1,7.5e-05,0.00125,3,150,9,300,27,600,81,1200,0,600,0,600,2,0,0,7016192,0,0,718335582,-1767278063,1,_Results/dbtest1,0,,-1442299862,,001,_Results/dbtest1/001,0,0,
B12102017160538250378101,dbtest1,0,4,10,1,1,1,0,100,0,600,12,8,12,4,4,5,5,5,3,3,0,3,600,6,4,40,3,2,9,3,27,9,1,0.1,7.5e-05,0.00125,3,150,9,300,27,600,81,1200,0,600,0,600,2,0,0,7016192,0,0,718335582,-1767278063,1,_Results/dbtest1,0,,1608859690,,002,_Results/dbtest1/002,0,0,
B12102017162741266151014,dbtest1,0,4,10,1,1,1,0,100,0,600,12,8,12,4,4,5,5,5,3,3,0,3,600,6,4,40,3,2,9,3,27,9,1,0.1,7.5e-05,0.00125,3,150,9,300,27,600,81,1200,0,600,0,600,2,0,0,7016192,0,0,718335582,-1767278063,1,_Results/dbtest1,0,,-1397211094,,002,_Results/dbtest1/002,0,0,
B12102017163904266120849,dbtest1,0,4,10,1,1,1,0,100,0,600,12,8,12,4,4,5,5,5,3,3,0,3,600,6,4,40,3,2,9,3,27,9,1,0.1,7.5e-05,0.00125,3,150,9,300,27,600,81,1200,0,600,0,600,2,0,0,7016192,0,0,718335582,-1767278063,1,_Results/dbtest1,0,,-701415382,,001,_Results/dbtest1/001,0,0,
B12102017164350284708985,dbtest1,0,4,10,1,1,1,0,100,0,600,12,8,12,4,4,5,5,5,3,3,0,3,600,6,4,40,3,2,9,3,27,9,1,0.1,7.5e-05,0.00125,3,150,9,300,27,600,81,1200,0,600,0,600,2,0,0,7016192,0,0,718335582,-1767278063,1,_Results/dbtest1,0,,-743423958,,001,_Results/dbtest1/001,0,0,
B12102017164518245121429,dbtest1,0,4,10,1,1,1,0,100,0,600,12,8,12,4,4,5,5,5,3,3,0,3,600,6,4,40,3,2,9,3,27,9,1,0.1,7.5e-05,0.00125,3,150,9,300,27,600,81,1200,0,600,0,600,2,0,0,7016192,0,0,718335582,-1767278063,1,_Results/dbtest1,0,,-950517718,,001,_Results/dbtest1/001,0,0,
B12102017165134235772776,dbtest1,0,4,10,1,1,1,0,100,0,600,12,8,12,4,4,5,5,5,3,3,0,3,600,6,4,40,3,2,9,3,27,9,1,0.1,7.5e-05,0.00125,3,150,9,300,27,600,81,1200,0,600,0,600,2,0,0,7016192,0,0,718335582,-1767278063,1,_Results/dbtest1,0,,142884906,,001,_Results/dbtest1/001,0,0,
B12102017165408241289680,dbtest1,0,4,10,1,1,1,0,100,0,600,12,8,12,4,4,5,5,5,3,3,0,3,600,6,4,40,3,2,9,3,27,9,1,0.1,7.5e-05,0.00125,3,150,9,300,27,600,81,1200,0,600,0,600,2,0,0,7016192,0,0,718335582,-1767278063,1,_Results/dbtest1,0,,-893698006,,001,_Results/dbtest1/001,0,0,
B12102017200805316064259,dbtest1,0,4,10,1,1,1,0,100,0,600,12,8,12,4,4,5,5,5,3,3,0,3,600,6,4,40,3,2,9,3,27,9,1,0.1,7.5e-05,0.00125,3,150,9,300,27,600,81,1200,0,600,0,600,2,0,0,7016192,0,0,718335582,-1767278063,1,_Results/dbtest1,0,,-1278132182,,001,_Results/dbtest1/001,0,0,
B12102017203750214373196,dbtest1,0,4,10,1,1,1,0,100,0,600,12,8,12,4,4,5,5,5,3,3,0,3,600,6,4,40,3,2,9,3,27,9,1,0.1,7.5e-05,0.00125,3,150,9,300,27,600,81,1200,0,600,0,600,2,0,0,7016192,0,0,718335582,-1767278063,1,_Results/dbtest1,0,,-1534771158,,001,_Results/dbtest1/001,0,0,
B12102017204002189061065,dbtest1,0,4,10,1,1,1,0,100,0,600,12,8,12,4,4,5,5,5,3,3,0,3,600,6,4,40,3,2,9,3,27,9,1,0.1,7.5e-05,0.00125,3,150,9,300,27,600,81,1200,0,600,0,600,2,0,0,7016192,0,0,718335582,-1767278063,1,_Results/dbtest1,0,,-1640021974,,001,_Results/dbtest1/001,0,0,
B12102017204214258853993,dbtest1,0,4,10,1,1,1,0,100,0,600,12,8,12,4,4,5,5,5,3,3,0,3,600,6,4,40,3,2,9,3,27,9,1,0.1,7.5e-05,0.00125,3,150,9,300,27,600,81,1200,0,600,0,600,2,0,0,7016192,0,0,718335582,-1767278063,1,_Results/dbtest1,0,,1935294506,,001,_Results/dbtest1/001,0,0,
B13102017010627282128492,dbtest1,0,4,10,1,1,1,0,100,0,600,12,8,12,4,4,5,5,5,3,3,0,3,600,6,4,40,3,2,9,3,27,9,1,0.1,7.5e-05,0.00125,3,150,9,300,27,600,81,1200,0,600,0,600,2,0,0,7016192,0,0,718335582,-1767278063,1,_Results/dbtest1,0,,1646346282,,001,_Results/dbtest1/001,0,0,
B13102017012224225855916,dbtest1,0,4,10,1,1,1,0,100,0,600,12,8,12,4,4,5,5,5,3,3,0,3,600,6,4,40,3,2,9,3,27,9,1,0.1,7.5e-05,0.00125,3,150,9,300,27,600,81,1200,0,600,0,600,2,0,0,7016192,0,0,718335582,-1767278063,1,_Results/dbtest1,0,,-327532502,,001,_Results/dbtest1/001,0,0,
B13102017012542195440189,dbtest1,0,4,10,1,1,1,0,100,0,600,12,8,12,4,4,5,5,5,3,3,0,3,600,6,4,40,3,2,9,3,27,9,1,0.1,7.5e-05,0.00125,3,150,9,300,27,600,81,1200,0,600,0,600,2,0,0,7016192,0,0,718335582,-1767278063,1,_Results/dbtest1,0,,-1608171478,,001,_Results/dbtest1/001,0,0,
B13102017015842216899542,dbtest1,0,4,10,1,1,1,0,100,0,600,12,8,12,4,4,5,5,5,3,3,0,3,600,6,4,40,3,2,9,3,27,9,1,0.1,7.5e-05,0.00125,3,150,9,300,27,600,81,1200,0,600,0,600,2,0,0,7016192,0,0,718335582,-1767278063,1,_Results/dbtest1,0,,-1709096918,,001,_Results/dbtest1/001,0,0,
B13102017023957366170933,iotest1,0,4,10,1,1,1,0,100,0,600,12,8,12,4,4,5,5,5,3,3,0,3,600,6,4,40,3,2,9,3,27,9,1,0.1,7.5e-05,0.00125,3,150,9,300,27,600,81,1200,0,600,0,600,2,0,0,7016192,0,0,718335582,-1767278063,1,_Results/iotest1,0,,-452247510,,001,_Results/iotest1/001,0,0,
B13102017024633401994187,iotest1,0,4,10,1,1,1,0,100,0,600,12,8,12,4,4,5,5,5,3,3,0,3,600,6,4,40,3,2,9,3,27,9,1,0.1,7.5e-05,0.00125,3,150,9,300,27,600,81,1200,0,600,0,600,2,0,0,7016192,0,0,718335582,-1767278063,1,_Results/iotest1,0,,534528042,,001,_Results/iotest1/001,0,0,
B13102017030043171868123,iotest1,0,4,10,1,1,1,0,100,0,600,12,8,12,4,4,5,5,5,3,3,0,3,600,6,4,40,3,2,9,3,27,9,1,0.1,7.5e-05,0.00125,3,150,9,300,27,600,81,1200,0,600,0,600,2,0,0,7016192,0,0,718335582,-1767278063,1,_Results/iotest1,0,,-1294974934,,001,_Results/iotest1/001,0,0,
B13102017031227525332352,iotest1,0,4,10,1,1,1,0,100,0,600,12,8,12,4,4,5,5,5,3,3,0,3,600,6,4,40,3,2,9,3,27,9,1,0.1,7.5e-05,0.00125,3,150,9,300,27,600,81,1200,0,600,0,600,2,0,0,7016192,0,0,718335582,-1767278063,1,_Results/iotest1,0,,-1650114518,,001,_Results/iotest1/001,0,0,
B13102017034244953278312,iotest1,0,4,10,1,1,1,0,100,0,600,12,8,12,4,4,5,5,5,3,3,0,3,600,6,4,40,3,2,9,3,27,9,1,0.1,7.5e-05,0.00125,3,150,9,300,27,600,81,1200,0,600,0,600,2,0,0,7020288,0,0,718335582,-1767278063,1,_Results/iotest1,0,,-1179566038,,001,_Results/iotest1/001,0,0,
B13102017115612801683722,iotest1,0,4,10,1,1,1,0,100,0,600,12,8,12,4,4,5,5,5,3,3,0,3,600,6,4,40,3,2,9,3,27,9,1,0.1,7.5e-05,0.00125,3,150,9,300,27,600,81,1200,0,600,0,600,2,0,0,7020288,0,0,718335582,-1767278063,1,_Results/iotest1,0,,1994997802,,001,_Results/iotest1/001,0,0,
B13102017122058287240041,iotest1,0,4,10,1,1,1,0,100,0,600,12,8,12,4,4,5,5,5,3,3,0,3,600,6,4,40,3,2,9,3,27,9,1,0.1,7.5e-05,0.00125,3,150,9,300,27,600,81,1200,0,600,0,600,2,0,0,7020288,0,0,718335582,-1767278063,1,_Results/iotest1,0,,-1046593494,,001,_Results/iotest1/001,0,0,
B13102017131611170364002,iotest1,0,4,10,1,1,1,0,100,0,600,12,8,12,4,4,5,5,5,3,3,0,3,600,6,4,40,3,2,9,3,27,9,1,0.1,7.5e-05,0.00125,3,150,9,300,27,600,81,1200,0,600,0,600,2,0,0,7020288,0,0,718335582,-1767278063,1,_Results/iotest1,0,,125714474,,001,_Results/iotest1/001,0,0,
B13102017132313170153901,iotest1,0,4,10,1,1,1,0,100,0,600,12,8,12,4,4,5,5,5,3,3,0,3,600,6,4,40,3,2,9,3,27,9,1,0.1,7.5e-05,0.00125,3,150,9,300,27,600,81,1200,0,600,0,600,2,0,0,7020288,0,0,718335582,-1767278063,1,_Results/iotest1,0,,155205674,,001,_Results/iotest1/001,0,0,
B13102017133022218504856,iotest1,0,4,10,1,1,1,0,100,0,600,12,8,12,4,4,5,5,5,3,3,0,3,600,6,4,40,3,2,9,3,27,9,1,0.1,7.5e-05,0.00125,3,150,9,300,27,600,81,1200,0,600,0,600,2,0,0,7020288,0,0,718335582,-1767278063,1,_Results/iotest1,0,,-802013142,,001,_Results/iotest1/001,0,0,
B13102017140218179552572,iotest1,0,4,10,1,1,1,0,100,0,600,12,8,12,4,4,5,5,5,3,3,0,3,600,6,4,40,3,2,9,3,27,9,1,0.1,7.5e-05,0.00125,3,150,9,300,27,600,81,1200,0,600,0,600,2,0,0,7020288,0,0,718335582,-1767278063,1,_Results/iotest1,0,,-309182422,,001,_Results/iotest1/001,0,0,
B13102017140927173131199,iotest1,0,4,10,1,1,1,0,100,0,600,12,8,12,4,4,5,5,5,3,3,0,3,600,6,4,40,3,2,9,3,27,9,1,0.1,7.5e-05,0.00125,3,150,9,300,27,600,81,1200,0,600,0,600,2,0,0,7020288,0,0,718335582,-1767278063,1,_Results/iotest1,0,,666976298,,001,_Results/iotest1/001,0,0,
B13102017142049239925435,iotest1,0,4,10,1,1,1,0,100,0,600,12,8,12,4,4,5,5,5,3,3,0,3,600,6,4,40,3,2,9,3,27,9,1,0.1,7.5e-05,0.00125,3,150,9,300,27,600,81,1200,0,600,0,600,2,0,0,7020288,0,0,718335582,-1767278063,1,_Results/iotest1,0,,898318378,,001,_Results/iotest1/001,0,0,
B13102017143803256152821,iotest1,0,4,10,1,1,1,0,100,0,600,12,8,12,4,4,5,5,5,3,3,0,3,600,6,4,40,3,2,9,3,27,9,1,0.1,7.5e-05,0.00125,3,150,9,300,27,600,81,1200,0,600,0,600,2,0,0,7020288,0,0,718335582,-1767278063,1,_Results/iotest1,0,,81477674,,001,_Results/iotest1/001,0,0,
B13102017145211248515064,iotest1,0,4,10,1,1,1,0,100,0,600,12,8,12,4,4,5,5,5,3,3,0,3,600,6,4,40,3,2,9,3,27,9,1,0.1,7.5e-05,0.00125,3,150,9,300,27,600,81,1200,0,600,0,600,2,0,0,7020288,0,0,718335582,-1767278063,1,_Results/iotest1,0,,2834474,,001,_Results/iotest1/001,0,0,
B13102017165028492377362,iotest1,0,4,10,1,1,1,0,100,0,600,12,8,12,4,4,5,5,5,3,3,0,3,600,6,4,40,3,2,9,3,27,9,1,0.1,7.5e-05,0.00125,3,150,9,300,27,600,81,1200,0,600,0,600,2,0,0,7020288,0,0,718335582,-1767278063,1,_Results/iotest1,0,,508575786,,001,_Results/iotest1/001,0,0,
B13102017174920170828974,iotest1,0,4,10,1,1,1,0,100,0,600,12,8,12,4,4,5,5,5,3,3,0,3,600,6,4,40,3,2,9,3,27,9,1,0.1,7.5e-05,0.00125,3,150,9,300,27,600,81,1200,0,600,0,600,2,0,0,7020288,0,0,718335582,-1767278063,1,_Results/iotest1,0,,-500285398,,001,_Results/iotest1/001,0,0,
B13102017183037233817123,iotest1,0,4,10,1,1,1,0,100,0,600,12,8,12,4,4,5,5,5,3,3,0,3,600,6,4,40,3,2,9,3,27,9,1,0.1,7.5e-05,0.00125,3,150,9,300,27,600,81,1200,0,600,0,600,2,0,0,7020288,0,0,718335582,-1767278063,1,_Results/iotest1,0,,-361873366,,001,_Results/iotest1/001,0,0,
B14102017025635224392231,iotest1,0,4,10,1,1,1,0,100,0,600,12,8,12,4,4,5,5,5,3,3,0,3,600,6,4,40,3,2,9,3,27,9,1,0.1,7.5e-05,0.00125,3,150,9,300,27,600,81,1200,0,600,0,600,2,0,0,7020288,0,0,718335582,-1767278063,1,_Results/iotest1,0,,-1030602710,,001,_Results/iotest1/001,0,0,
B14102017112449291410214,iotest1,0,4,10,1,1,1,1,100,0,600,12,8,12,4,4,5,5,5,3,3,0,3,600,6,4,40,3,2,9,3,27,9,1,0.1,7.5e-05,0.00125,3,150,9,300,27,600,81,1200,0,600,0,600,2,0,0,7020288,0,0,718335582,-1767278063,1,_Results/iotest1,0,,437076010,,001,_Results/iotest1/001,0,0,
B14102017124928284751493,NoDev_1_factory,0,24,24,1,1,1,0,100,0,600,12,8,12,4,6,5,5,5,3,3,0,1,600,6,2,40,3,2,9,3,27,9,1,0.1,7.5e-05,0.00125,3,150,9,300,27,600,0,1200,0,600,0,600,2,0,0,7020288,0,0,718335582,-1767278063,1,_Results/NoDev_1_factory,0,,-559005654,,001,_Results/NoDev_1_factory/001,0,0,
B14102017125236188844378,IOtest_configs/NoDev_1_machine,0,24,24,1,1,1,0,100,0,600,12,8,12,4,6,5,5,5,3,3,0,1,600,6,2,40,3,2,9,3,27,9,1,0.1,7.5e-05,0.00125,3,150,9,300,0,600,0,1200,0,600,0,600,2,0,0,7020288,0,0,718335582,-1767278063,1,_Results/IOtest_configs/NoDev_1_machine,0,,-67289046,,001,_Results/IOtest_configs/NoDev_1_machine/001,0,0,
B14102017130135215524128,IOtest_configs/NoDev_1_tool,0,24,24,1,1,1,0,100,0,600,12,8,12,4,6,5,5,5,3,3,0,1,600,6,2,40,3,2,9,3,27,9,1,0.1,7.5e-05,0.00125,3,150,0,300,0,600,0,1200,0,600,0,600,2,0,0,7020288,0,0,718335582,-1767278063,1,_Results/IOtest_configs/NoDev_1_tool,0,,-1715257302,,001,_Results/IOtest_configs/NoDev_1_tool/001,0,0,
B14102017130135239355494,IOtest_configs/NoDev_1_machine,0,24,24,1,1,1,0,100,0,600,12,8,12,4,6,5,5,5,3,3,0,1,600,6,2,40,3,2,9,3,27,9,1,0.1,7.5e-05,0.00125,3,150,9,300,0,600,0,1200,0,600,0,600,2,0,0,7020288,0,0,718335582,-1767278063,1,_Results/IOtest_configs/NoDev_1_machine,0,,607338538,,001,_Results/IOtest_configs/NoDev_1_machine/001,0,0,
B14102017130135268473413,IOtest_configs/NoDev_1_factory,0,24,24,1,1,1,0,100,0,600,12,8,12,4,6,5,5,5,3,3,0,1,600,6,2,40,3,2,9,3,27,9,1,0.1,7.5e-05,0.00125,3,150,9,300,27,600,0,1200,0,600,0,600,2,0,0,7020288,0,0,718335582,-1767278063,1,_Results/IOtest_configs/NoDev_1_factory,0,,-225820630,,001,_Results/IOtest_configs/NoDev_1_factory/001,0,0,
B14102017130537247088967,IOtest_configs/NoDev_1_industry,0,24,24,1,1,1,0,100,0,600,12,8,12,4,6,5,5,5,3,3,0,1,600,6,2,40,3,2,9,3,27,9,1,0.1,7.5e-05,0.00125,3,150,9,300,27,600,81,1200,0,600,0,600,2,0,0,7020288,0,0,718335582,-1767278063,1,_Results/IOtest_configs/NoDev_1_industry,0,,1998536746,,001,_Results/IOtest_configs/NoDev_1_industry/001,0,0,
B14102017132017183370823,IOtest_configs/NoDev_1_tool,0,24,24,1,1,1,0,300,0,600,12,8,12,4,6,5,5,5,3,3,0,1,600,6,2,40,3,2,9,3,27,9,1,0.1,7.5e-05,0.00125,3,150,0,300,0,600,0,1200,0,600,0,600,2,0,0,7020288,0,0,718335582,-1767278063,1,_Results/IOtest_configs/NoDev_1_tool,0,,190267434,,001,_Results/IOtest_configs/NoDev_1_tool/001,0,0,
B14102017132017784532510,IOtest_configs/NoDev_5_tool,0,24,24,1,1,1,0,300,0,600,12,8,12,4,6,5,5,5,3,3,0,5,600,6,6,40,3,2,9,3,27,9,1,0.1,7.5e-05,0.00125,3,150,0,300,0,600,0,1200,0,600,0,600,2,0,0,7020288,0,0,718335582,-1767278063,1,_Results/IOtest_configs/NoDev_5_tool,0,,-1384103894,,001,_Results/IOtest_configs/NoDev_5_tool/001,0,0,
B14102017132017291549117,IOtest_configs/NoDev_3_tool,0,24,24,1,1,1,0,300,0,600,12,8,12,4,6,5,5,5,3,3,0,3,600,6,4,40,3,2,9,3,27,9,1,0.1,7.5e-05,0.00125,3,150,0,300,0,600,0,1200,0,600,0,600,2,0,0,7020288,0,0,718335582,-1767278063,1,_Results/IOtest_configs/NoDev_3_tool,0,,221069354,,001,_Results/IOtest_configs/NoDev_3_tool/001,0,0,
B14102017132017238368505,IOtest_configs/NoDev_1_factory,0,24,24,1,1,1,0,300,0,600,12,8,12,4,6,5,5,5,3,3,0,1,600,6,2,40,3,2,9,3,27,9,1,0.1,7.5e-05,0.00125,3,150,9,300,27,600,0,1200,0,600,0,600,2,0,0,7020288,0,0,718335582,-1767278063,1,_Results/IOtest_configs/NoDev_1_factory,0,,-28557270,,001,_Results/IOtest_configs/NoDev_1_factory/001,0,0,
B14102017132018345437277,IOtest_configs/NoDev_7_tool,0,24,24,1,1,1,0,300,0,600,12,8,12,4,6,5,5,5,3,3,0,7,600,6,8,40,3,2,9,3,27,9,1,0.1,7.5e-05,0.00125,3,150,0,300,0,600,0,1200,0,600,0,600,2,0,0,7020288,0,0,718335582,-1767278063,1,_Results/IOtest_configs/NoDev_7_tool,0,,-67944406,,001,_Results/IOtest_configs/NoDev_7_tool/001,0,0,
B14102017132017208817774,IOtest_configs/NoDev_1_machine,0,24,24,1,1,1,0,300,0,600,12,8,12,4,6,5,5,5,3,3,0,1,600,6,2,40,3,2,9,3,27,9,1,0.1,7.5e-05,0.00125,3,150,9,300,0,600,0,1200,0,600,0,600,2,0,0,7020288,0,0,718335582,-1767278063,1,_Results/IOtest_configs/NoDev_1_machine,0,,-1604435926,,001,_Results/IOtest_configs/NoDev_1_machine/001,0,0,
B14102017132017334026452,IOtest_configs/NoDev_3_machine,0,24,24,1,1,1,0,300,0,600,12,8,12,4,6,5,5,5,3,3,0,3,600,6,4,40,3,2,9,3,27,9,1,0.1,7.5e-05,0.00125,3,150,9,300,0,600,0,1200,0,600,0,600,2,0,0,7020288,0,0,718335582,-1767278063,1,_Results/IOtest_configs/NoDev_3_machine,0,,1561477162,,001,_Results/IOtest_configs/NoDev_3_machine/001,0,0,
B14102017132017269200940,IOtest_configs/NoDev_1_industry,0,24,24,1,1,1,0,300,0,600,12,8,12,4,6,5,5,5,3,3,0,1,600,6,2,40,3,2,9,3,27,9,1,0.1,7.5e-05,0.00125,3,150,9,300,27,600,81,1200,0,600,0,600,2,0,0,7020288,0,0,718335582,-1767278063,1,_Results/IOtest_configs/NoDev_1_industry,0,,-246202326,,001,_Results/IOtest_configs/NoDev_1_industry/001,0,0,
B14102017132018153509353,IOtest_configs/NoDev_5_machine,0,24,24,1,1,1,0,300,0,600,12,8,12,4,6,5,5,5,3,3,0,5,600,6,6,40,3,2,9,3,27,9,1,0.1,7.5e-05,0.00125,3,150,9,300,0,600,0,1200,0,600,0,600,2,0,0,7020288,0,0,718335582,-1767278063,1,_Results/IOtest_configs/NoDev_5_machine,0,,130629674,,001,_Results/IOtest_configs/NoDev_5_machine/001,0,0,
B14102017132018388541043,IOtest_configs/NoDev_7_factory,0,24,24,1,1,1,0,300,0,600,12,8,12,4,6,5,5,5,3,3,0,7,600,6,8,40,3,2,9,3,27,9,1,0.1,7.5e-05,0.00125,3,150,9,300,27,600,0,1200,0,600,0,600,2,0,0,7020288,0,0,718335582,-1767278063,1,_Results/IOtest_configs/NoDev_7_factory,0,,1864646698,,001,_Results/IOtest_configs/NoDev_7_factory/001,0,0,
B14102017132018534415608,IOtest_configs/NoDev_7_industry,0,24,24,1,1,1,0,300,0,600,12,8,12,4,6,5,5,5,3,3,0,7,600,6,8,40,3,2,9,3,27,9,1,0.1,7.5e-05,0.00125,3,150,9,300,27,600,81,1200,0,600,0,600,2,0,0,7020288,0,0,718335582,-1767278063,1,_Results/IOtest_configs/NoDev_7_industry,0,,-1961672662,,001,_Results/IOtest_configs/NoDev_7_industry/001,0,0,
B14102017132018363645076,IOtest_configs/NoDev_7_machine,0,24,24,1,1,1,0,300,0,600,12,8,12,4,6,5,5,5,3,3,0,7,600,6,8,40,3,2,9,3,27,9,1,0.1,7.5e-05,0.00125,3,150,9,300,0,600,0,1200,0,600,0,600,2,0,0,7020288,0,0,718335582,-1767278063,1,_Results/IOtest_configs/NoDev_7_machine,0,,-841531350,,001,_Results/IOtest_configs/NoDev_7_machine/001,0,0,
B14102017133735332880268,IOtest_configs/NoDev_3_tool,0,24,24,1,1,1,0,300,0,600,12,8,12,4,6,5,5,5,3,3,0,3,600,6,4,40,3,2,9,3,27,9,1,0.1,7.5e-05,0.00125,3,150,0,300,0,600,0,1200,0,600,0,600,2,0,0,7020288,0,0,718335582,-1767278063,1,_Results/IOtest_configs/NoDev_3_tool,0,,1190150186,,001,_Results/IOtest_configs/NoDev_3_tool/001,0,0,
B14102017133735226355971,IOtest_configs/NoDev_1_tool,0,24,24,1,1,1,0,300,0,600,12,8,12,4,6,5,5,5,3,3,0,1,600,6,2,40,3,2,9,3,27,9,1,0.1,7.5e-05,0.00125,3,150,0,300,0,600,0,1200,0,600,0,600,2,0,0,7020288,0,0,718335582,-1767278063,1,_Results/IOtest_configs/NoDev_1_tool,0,,474169386,,001,_Results/IOtest_configs/NoDev_1_tool/001,0,0,
B14102017133735451475161,IOtest_configs/NoDev_5_tool,0,24,24,1,1,1,0,300,0,600,12,8,12,4,6,5,5,5,3,3,0,5,600,6,6,40,3,2,9,3,27,9,1,0.1,7.5e-05,0.00125,3,150,0,300,0,600,0,1200,0,600,0,600,2,0,0,7020288,0,0,718335582,-1767278063,1,_Results/IOtest_configs/NoDev_5_tool,0,,2062041130,,001,_Results/IOtest_configs/NoDev_5_tool/001,0,0,
B14102017133735282503393,IOtest_configs/NoDev_1_factory,0,24,24,1,1,1,0,300,0,600,12,8,12,4,6,5,5,5,3,3,0,1,600,6,2,40,3,2,9,3,27,9,1,0.1,7.5e-05,0.00125,3,150,9,300,27,600,0,1200,0,600,0,600,2,0,0,7020288,0,0,718335582,-1767278063,1,_Results/IOtest_configs/NoDev_1_factory,0,,1529364522,,001,_Results/IOtest_configs/NoDev_1_factory/001,0,0,
B14102017133735552912926,IOtest_configs/NoDev_7_tool,0,24,24,1,1,1,0,300,0,600,12,8,12,4,6,5,5,5,3,3,0,7,600,6,8,40,3,2,9,3,27,9,1,0.1,7.5e-05,0.00125,3,150,0,300,0,600,0,1200,0,600,0,600,2,0,0,7020288,0,0,718335582,-1767278063,1,_Results/IOtest_configs/NoDev_7_tool,0,,307052586,,001,_Results/IOtest_configs/NoDev_7_tool/001,0,0,
B14102017133735250193482,IOtest_configs/NoDev_1_machine,0,24,24,1,1,1,0,300,0,600,12,8,12,4,6,5,5,5,3,3,0,1,600,6,2,40,3,2,9,3,27,9,1,0.1,7.5e-05,0.00125,3,150,9,300,0,600,0,1200,0,600,0,600,2,0,0,7020288,0,0,718335582,-1767278063,1,_Results/IOtest_configs/NoDev_1_machine,0,,1228881962,,001,_Results/IOtest_configs/NoDev_1_machine/001,0,0,
B14102017133735362547296,IOtest_configs/NoDev_3_machine,0,24,24,1,1,1,0,300,0,600,12,8,12,4,6,5,5,5,3,3,0,3,600,6,4,40,3,2,9,3,27,9,1,0.1,7.5e-05,0.00125,3,150,9,300,0,600,0,1200,0,600,0,600,2,0,0,7020288,0,0,718335582,-1767278063,1,_Results/IOtest_configs/NoDev_3_machine,0,,709050410,,001,_Results/IOtest_configs/NoDev_3_machine/001,0,0,
B14102017133735305407463,IOtest_configs/NoDev_1_industry,0,24,24,1,1,1,0,300,0,600,12,8,12,4,6,5,5,5,3,3,0,1,600,6,2,40,3,2,9,3,27,9,1,0.1,7.5e-05,0.00125,3,150,9,300,27,600,81,1200,0,600,0,600,2,0,0,7020288,0,0,718335582,-1767278063,1,_Results/IOtest_configs/NoDev_1_industry,0,,2084061226,,001,_Results/IOtest_configs/NoDev_1_industry/001,0,0,
B14102017133735577977075,IOtest_configs/NoDev_7_machine,0,24,24,1,1,1,0,300,0,600,12,8,12,4,6,5,5,5,3,3,0,7,600,6,8,40,3,2,9,3,27,9,1,0.1,7.5e-05,0.00125,3,150,9,300,0,600,0,1200,0,600,0,600,2,0,0,7020288,0,0,718335582,-1767278063,1,_Results/IOtest_configs/NoDev_7_machine,0,,-1069203414,,001,_Results/IOtest_configs/NoDev_7_machine/001,0,0,
B14102017133735478255197,IOtest_configs/NoDev_5_machine,0,24,24,1,1,1,0,300,0,600,12,8,12,4,6,5,5,5,3,3,0,5,600,6,6,40,3,2,9,3,27,9,1,0.1,7.5e-05,0.00125,3,150,9,300,0,600,0,1200,0,600,0,600,2,0,0,7020288,0,0,718335582,-1767278063,1,_Results/IOtest_configs/NoDev_5_machine,0,,4538410,,001,_Results/IOtest_configs/NoDev_5_machine/001,0,0,
B14102017133735636880702,IOtest_configs/NoDev_7_industry,0,24,24,1,1,1,0,300,0,600,12,8,12,4,6,5,5,5,3,3,0,7,600,6,8,40,3,2,9,3,27,9,1,0.1,7.5e-05,0.00125,3,150,9,300,27,600,81,1200,0,600,0,600,2,0,0,7020288,0,0,718335582,-1767278063,1,_Results/IOtest_configs/NoDev_7_industry,0,,-1527693270,,001,_Results/IOtest_configs/NoDev_7_industry/001,0,0,
B14102017133735607869332,IOtest_configs/NoDev_7_factory,0,24,24,1,1,1,0,300,0,600,12,8,12,4,6,5,5,5,3,3,0,7,600,6,8,40,3,2,9,3,27,9,1,0.1,7.5e-05,0.00125,3,150,9,300,27,600,0,1200,0,600,0,600,2,0,0,7020288,0,0,718335582,-1767278063,1,_Results/IOtest_configs/NoDev_7_factory,0,,1844658218,,001,_Results/IOtest_configs/NoDev_7_factory/001,0,0,
B14102017133735526597099,IOtest_configs/NoDev_5_industry,0,24,24,1,1,1,0,300,0,600,12,8,12,4,6,5,5,5,3,3,0,5,600,6,6,40,3,2,9,3,27,9,1,0.1,7.5e-05,0.00125,3,150,9,300,27,600,81,1200,0,600,0,600,2,0,0,7020288,0,0,718335582,-1767278063,1,_Results/IOtest_configs/NoDev_5_industry,0,,2106409002,,001,_Results/IOtest_configs/NoDev_5_industry/001,0,0,
B14102017133735503489217,IOtest_configs/NoDev_5_factory,0,24,24,1,1,1,0,300,0,600,12,8,12,4,6,5,5,5,3,3,0,5,600,6,6,40,3,2,9,3,27,9,1,0.1,7.5e-05,0.00125,3,150,9,300,27,600,0,1200,0,600,0,600,2,0,0,7020288,0,0,718335582,-1767278063,1,_Results/IOtest_configs/NoDev_5_factory,0,,1205485610,,001,_Results/IOtest_configs/NoDev_5_factory/001,0,0,
B14102017133735401719303,IOtest_configs/NoDev_3_factory,0,24,24,1,1,1,0,300,0,600,12,8,12,4,6,5,5,5,3,3,0,3,600,6,4,40,3,2,9,3,27,9,1,0.1,7.5e-05,0.00125,3,150,9,300,27,600,0,1200,0,600,0,600,2,0,0,7020288,0,0,718335582,-1767278063,1,_Results/IOtest_configs/NoDev_3_factory,0,,1233797162,,001,_Results/IOtest_configs/NoDev_3_factory/001,0,0,
B14102017141524219019220,IOtest_configs/collapse/NoDev_1_tool,0,24,24,1,1,1,0,600,0,600,12,8,12,4,6,5,5,5,3,3,0,1,600,6,2,40,3,2,9,3,27,9,1,0.1,7.5e-05,0.00125,3,150,0,300,0,600,0,1200,0,600,0,600,2,0,0,7020288,0,0,718335582,-1767278063,1,_Results/IOtest_configs/collapse/NoDev_1_tool,0,,221003818,,001,_Results/IOtest_configs/collapse/NoDev_1_tool/001,0,0,
B14102017141524327498326,IOtest_configs/collapse/NoDev_3_tool,0,24,24,1,1,1,0,600,0,600,12,8,12,4,6,5,5,5,3,3,0,3,600,6,4,40,3,2,9,3,27,9,1,0.1,7.5e-05,0.00125,3,150,0,300,0,600,0,1200,0,600,0,600,2,0,0,7020288,0,0,718335582,-1767278063,1,_Results/IOtest_configs/collapse/NoDev_3_tool,0,,1663909930,,001,_Results/IOtest_configs/collapse/NoDev_3_tool/001,0,0,
B14102017141524437660942,IOtest_configs/collapse/NoDev_5_tool,0,24,24,1,1,1,0,600,0,600,12,8,12,4,6,5,5,5,3,3,0,5,600,6,6,40,3,2,9,3,27,9,1,0.1,7.5e-05,0.00125,3,150,0,300,0,600,0,1200,0,600,0,600,2,0,0,7020288,0,0,718335582,-1767278063,1,_Results/IOtest_configs/collapse/NoDev_5_tool,0,,-1583398870,,001,_Results/IOtest_configs/collapse/NoDev_5_tool/001,0,0,
B14102017141524549933534,IOtest_configs/collapse/NoDev_7_tool,0,24,24,1,1,1,0,600,0,600,12,8,12,4,6,5,5,5,3,3,0,7,600,6,8,40,3,2,9,3,27,9,1,0.1,7.5e-05,0.00125,3,150,0,300,0,600,0,1200,0,600,0,600,2,0,0,7020288,0,0,718335582,-1767278063,1,_Results/IOtest_configs/collapse/NoDev_7_tool,0,,1807433770,,001,_Results/IOtest_configs/collapse/NoDev_7_tool/001,0,0,
B14102017141524244390392,IOtest_configs/collapse/NoDev_1_machine,0,24,24,1,1,1,0,600,0,600,12,8,12,4,6,5,5,5,3,3,0,1,600,6,2,40,3,2,9,3,27,9,1,0.1,7.5e-05,0.00125,3,150,9,300,0,600,0,1200,0,600,0,600,2,0,0,7020288,0,0,718335582,-1767278063,1,_Results/IOtest_configs/collapse/NoDev_1_machine,0,,429277226,,001,_Results/IOtest_configs/collapse/NoDev_1_machine/001,0,0,
B14102017141524304130619,IOtest_configs/collapse/NoDev_1_industry,0,24,24,1,1,1,0,600,0,600,12,8,12,4,6,5,5,5,3,3,0,1,600,6,2,40,3,2,9,3,27,9,1,0.1,7.5e-05,0.00125,3,150,9,300,27,600,81,1200,0,600,0,600,2,0,0,7020288,0,0,718335582,-1767278063,1,_Results/IOtest_configs/collapse/NoDev_1_industry,0,,1614889002,,001,_Results/IOtest_configs/collapse/NoDev_1_industry/001,0,0,
B14102017141524356756849,IOtest_configs/collapse/NoDev_3_machine,0,24,24,1,1,1,0,600,0,600,12,8,12,4,6,5,5,5,3,3,0,3,600,6,4,40,3,2,9,3,27,9,1,0.1,7.5e-05,0.00125,3,150,9,300,0,600,0,1200,0,600,0,600,2,0,0,7020288,0,0,718335582,-1767278063,1,_Results/IOtest_configs/collapse/NoDev_3_machine,0,,-1662238678,,001,_Results/IOtest_configs/collapse/NoDev_3_machine/001,0,0,
B14102017141524277254780,IOtest_configs/collapse/NoDev_1_factory,0,24,24,1,1,1,0,600,0,600,12,8,12,4,6,5,5,5,3,3,0,1,600,6,2,40,3,2,9,3,27,9,1,0.1,7.5e-05,0.00125,3,150,9,300,27,600,0,1200,0,600,0,600,2,0,0,7020288,0,0,718335582,-1767278063,1,_Results/IOtest_configs/collapse/NoDev_1_factory,0,,-1422049238,,001,_Results/IOtest_configs/collapse/NoDev_1_factory/001,0,0,
B14102017141524576220647,IOtest_configs/collapse/NoDev_7_machine,0,24,24,1,1,1,0,600,0,600,12,8,12,4,6,5,5,5,3,3,0,7,600,6,8,40,3,2,9,3,27,9,1,0.1,7.5e-05,0.00125,3,150,9,300,0,600,0,1200,0,600,0,600,2,0,0,7020288,0,0,718335582,-1767278063,1,_Results/IOtest_configs/collapse/NoDev_7_machine,0,,-946126806,,001,_Results/IOtest_configs/collapse/NoDev_7_machine/001,0,0,
B14102017141524628199365,IOtest_configs/collapse/NoDev_7_industry,0,24,24,1,1,1,0,600,0,600,12,8,12,4,6,5,5,5,3,3,0,7,600,6,8,40,3,2,9,3,27,9,1,0.1,7.5e-05,0.00125,3,150,9,300,27,600,81,1200,0,600,0,600,2,0,0,7020288,0,0,718335582,-1767278063,1,_Results/IOtest_configs/collapse/NoDev_7_industry,0,,-1268694998,,001,_Results/IOtest_configs/collapse/NoDev_7_industry/001,0,0,
B14102017141524462847447,IOtest_configs/collapse/NoDev_5_machine,0,24,24,1,1,1,0,600,0,600,12,8,12,4,6,5,5,5,3,3,0,5,600,6,6,40,3,2,9,3,27,9,1,0.1,7.5e-05,0.00125,3,150,9,300,0,600,0,1200,0,600,0,600,2,0,0,7020288,0,0,718335582,-1767278063,1,_Results/IOtest_configs/collapse/NoDev_5_machine,0,,1125466154,,001,_Results/IOtest_configs/collapse/NoDev_5_machine/001,0,0,
B14102017141524599806314,IOtest_configs/collapse/NoDev_7_factory,0,24,24,1,1,1,0,600,0,600,12,8,12,4,6,5,5,5,3,3,0,7,600,6,8,40,3,2,9,3,27,9,1,0.1,7.5e-05,0.00125,3,150,9,300,27,600,0,1200,0,600,0,600,2,0,0,7020288,0,0,718335582,-1767278063,1,_Results/IOtest_configs/collapse/NoDev_7_factory,0,,97665066,,001,_Results/IOtest_configs/collapse/NoDev_7_factory/001,0,0,
B14102017141524491026037,IOtest_configs/collapse/NoDev_5_factory,0,24,24,1,1,1,0,600,0,600,12,8,12,4,6,5,5,5,3,3,0,5,600,6,6,40,3,2,9,3,27,9,1,0.1,7.5e-05,0.00125,3,150,9,300,27,600,0,1200,0,600,0,600,2,0,0,7020288,0,0,718335582,-1767278063,1,_Results/IOtest_configs/collapse/NoDev_5_factory,0,,208814122,,001,_Results/IOtest_configs/collapse/NoDev_5_factory/001,0,0,
B14102017141524516384085,IOtest_configs/collapse/NoDev_5_industry,0,24,24,1,1,1,0,600,0,600,12,8,12,4,6,5,5,5,3,3,0,5,600,6,6,40,3,2,9,3,27,9,1,0.1,7.5e-05,0.00125,3,150,9,300,27,600,81,1200,0,600,0,600,2,0,0,7020288,0,0,718335582,-1767278063,1,_Results/IOtest_configs/collapse/NoDev_5_industry,0,,1605910570,,001,_Results/IOtest_configs/collapse/NoDev_5_industry/001,0,0,
B14102017141524384758230,IOtest_configs/collapse/NoDev_3_factory,0,24,24,1,1,1,0,600,0,600,12,8,12,4,6,5,5,5,3,3,0,3,600,6,4,40,3,2,9,3,27,9,1,0.1,7.5e-05,0.00125,3,150,9,300,27,600,0,1200,0,600,0,600,2,0,0,7020288,0,0,718335582,-1767278063,1,_Results/IOtest_configs/collapse/NoDev_3_factory,0,,-319733718,,001,_Results/IOtest_configs/collapse/NoDev_3_factory/001,0,0,
B14102017151957238153521,IOtest/NoDev_1_tool,0,24,24,1,1,1,0,300,0,600,12,8,12,4,6,5,5,5,3,3,0,1,600,6,2,40,3,2,9,3,27,9,1,0.1,7.5e-05,0.00125,3,150,0,300,0,600,0,1200,0,600,0,600,2,1,8,310,1,0,718335582,-1767278063,1,_Results/IOtest/NoDev_1_tool,0,,-2045755350,,001,_Results/IOtest/NoDev_1_tool/001,0,0,
B14102017153924200167403,IOtest/NoDev_1_tool,0,24,24,1,1,1,0,300,0,600,12,8,12,4,6,5,5,5,3,3,0,1,600,6,2,40,3,2,9,3,27,9,1,0.1,7.5e-05,0.00125,3,150,0,300,0,600,0,1200,0,600,0,600,2,0,0,7020288,0,0,718335582,-1767278063,1,_Results/IOtest/NoDev_1_tool,0,,-18071510,,001,_Results/IOtest/NoDev_1_tool/001,0,0,
B14102017153924306440042,IOtest/NoDev_3_tool,0,24,24,1,1,1,0,300,0,600,12,8,12,4,6,5,5,5,3,3,0,3,600,6,4,40,3,2,9,3,27,9,1,0.1,7.5e-05,0.00125,3,150,0,300,0,600,0,1200,0,600,0,600,2,0,0,7020288,0,0,718335582,-1767278063,1,_Results/IOtest/NoDev_3_tool,0,,-1246805974,,001,_Results/IOtest/NoDev_3_tool/001,0,0,
B14102017153924425331014,IOtest/NoDev_5_tool,0,24,24,1,1,1,0,300,0,600,12,8,12,4,6,5,5,5,3,3,0,5,600,6,6,40,3,2,9,3,27,9,1,0.1,7.5e-05,0.00125,3,150,0,300,0,600,0,1200,0,600,0,600,2,0,0,7020288,0,0,718335582,-1767278063,1,_Results/IOtest/NoDev_5_tool,0,,30818346,,001,_Results/IOtest/NoDev_5_tool/001,0,0,
B14102017153924526978028,IOtest/NoDev_7_tool,0,24,24,1,1,1,0,300,0,600,12,8,12,4,6,5,5,5,3,3,0,7,600,6,8,40,3,2,9,3,27,9,1,0.1,7.5e-05,0.00125,3,150,0,300,0,600,0,1200,0,600,0,600,2,0,0,7020288,0,0,718335582,-1767278063,1,_Results/IOtest/NoDev_7_tool,0,,2107523114,,001,_Results/IOtest/NoDev_7_tool/001,0,0,
B14102017153924222832197,IOtest/NoDev_1_machine,0,24,24,1,1,1,0,300,0,600,12,8,12,4,6,5,5,5,3,3,0,1,600,6,2,40,3,2,9,3,27,9,1,0.1,7.5e-05,0.00125,3,150,9,300,0,600,0,1200,0,600,0,600,2,0,0,7020288,0,0,718335582,-1767278063,1,_Results/IOtest/NoDev_1_machine,0,,947011626,,001,_Results/IOtest/NoDev_1_machine/001,0,0,
B14102017153924254338505,IOtest/NoDev_1_factory,0,24,24,1,1,1,0,300,0,600,12,8,12,4,6,5,5,5,3,3,0,1,600,6,2,40,3,2,9,3,27,9,1,0.1,7.5e-05,0.00125,3,150,9,300,27,600,0,1200,0,600,0,600,2,0,0,7020288,0,0,718335582,-1767278063,1,_Results/IOtest/NoDev_1_factory,0,,-1593950166,,001,_Results/IOtest/NoDev_1_factory/001,0,0,
B14102017153924335376413,IOtest/NoDev_3_machine,0,24,24,1,1,1,0,300,0,600,12,8,12,4,6,5,5,5,3,3,0,3,600,6,4,40,3,2,9,3,27,9,1,0.1,7.5e-05,0.00125,3,150,9,300,0,600,0,1200,0,600,0,600,2,0,0,7020288,0,0,718335582,-1767278063,1,_Results/IOtest/NoDev_3_machine,0,,-1016184790,,001,_Results/IOtest/NoDev_3_machine/001,0,0,
B14102017153924283315502,IOtest/NoDev_1_industry,0,24,24,1,1,1,0,300,0,600,12,8,12,4,6,5,5,5,3,3,0,1,600,6,2,40,3,2,9,3,27,9,1,0.1,7.5e-05,0.00125,3,150,9,300,27,600,81,1200,0,600,0,600,2,0,0,7020288,0,0,718335582,-1767278063,1,_Results/IOtest/NoDev_1_industry,0,,1216299050,,001,_Results/IOtest/NoDev_1_industry/001,0,0,
B14102017153924552463540,IOtest/NoDev_7_machine,0,24,24,1,1,1,0,300,0,600,12,8,12,4,6,5,5,5,3,3,0,7,600,6,8,40,3,2,9,3,27,9,1,0.1,7.5e-05,0.00125,3,150,9,300,0,600,0,1200,0,600,0,600,2,0,0,7020288,0,0,718335582,-1767278063,1,_Results/IOtest/NoDev_7_machine,0,,1344946218,,001,_Results/IOtest/NoDev_7_machine/001,0,0,
B14102017153924582545771,IOtest/NoDev_7_factory,0,24,24,1,1,1,0,300,0,600,12,8,12,4,6,5,5,5,3,3,0,7,600,6,8,40,3,2,9,3,27,9,1,0.1,7.5e-05,0.00125,3,150,9,300,27,600,0,1200,0,600,0,600,2,0,0,7020288,0,0,718335582,-1767278063,1,_Results/IOtest/NoDev_7_factory,0,,103825450,,001,_Results/IOtest/NoDev_7_factory/001,0,0,
B14102017154138812267417,IOtest/collapse/NoDev_1_tool,0,24,24,1,1,1,0,600,0,600,12,8,12,4,6,5,5,5,3,3,0,1,600,6,2,40,3,2,9,3,27,9,1,0.1,7.5e-05,0.00125,3,150,0,300,0,600,0,1200,0,600,0,600,2,1,8,310,1,0,718335582,-1767278063,1,_Results/IOtest/collapse/NoDev_1_tool,0,,539377706,,001,_Results/IOtest/collapse/NoDev_1_tool/001,0,0,
B14102017154139026908026,IOtest/collapse/NoDev_3_tool,0,24,24,1,1,1,0,600,0,600,12,8,12,4,6,5,5,5,3,3,0,3,600,6,4,40,3,2,9,3,27,9,1,0.1,7.5e-05,0.00125,3,150,0,300,0,600,0,1200,0,600,0,600,2,1,8,310,1,0,718335582,-1767278063,1,_Results/IOtest/collapse/NoDev_3_tool,0,,-116047830,,001,_Results/IOtest/collapse/NoDev_3_tool/001,0,0,
B14102017153924450916635,IOtest/NoDev_5_machine,0,24,24,1,1,1,0,300,0,600,12,8,12,4,6,5,5,5,3,3,0,5,600,6,6,40,3,2,9,3,27,9,1,0.1,7.5e-05,0.00125,3,150,9,300,0,600,0,1200,0,600,0,600,2,0,0,7020288,0,0,718335582,-1767278063,1,_Results/IOtest/NoDev_5_machine,0,,25968682,,001,_Results/IOtest/NoDev_5_machine/001,0,0,
B14102017153924612363569,IOtest/NoDev_7_industry,0,24,24,1,1,1,0,300,0,600,12,8,12,4,6,5,5,5,3,3,0,7,600,6,8,40,3,2,9,3,27,9,1,0.1,7.5e-05,0.00125,3,150,9,300,27,600,81,1200,0,600,0,600,2,0,0,7020288,0,0,718335582,-1767278063,1,_Results/IOtest/NoDev_7_industry,0,,-1186185174,,001,_Results/IOtest/NoDev_7_industry/001,0,0,
B14102017154139134052939,IOtest/collapse/NoDev_5_tool,0,24,24,1,1,1,0,600,0,600,12,8,12,4,6,5,5,5,3,3,0,5,600,6,6,40,3,2,9,3,27,9,1,0.1,7.5e-05,0.00125,3,150,0,300,0,600,0,1200,0,600,0,600,2,1,8,310,1,0,718335582,-1767278063,1,_Results/IOtest/collapse/NoDev_5_tool,0,,399982634,,001,_Results/IOtest/collapse/NoDev_5_tool/001,0,0,
B14102017154139241866058,IOtest/collapse/NoDev_7_tool,0,24,24,1,1,1,0,600,0,600,12,8,12,4,6,5,5,5,3,3,0,7,600,6,8,40,3,2,9,3,27,9,1,0.1,7.5e-05,0.00125,3,150,0,300,0,600,0,1200,0,600,0,600,2,1,8,310,1,0,718335582,-1767278063,1,_Results/IOtest/collapse/NoDev_7_tool,0,,826425386,,001,_Results/IOtest/collapse/NoDev_7_tool/001,0,0,
B14102017153924500620252,IOtest/NoDev_5_industry,0,24,24,1,1,1,0,300,0,600,12,8,12,4,6,5,5,5,3,3,0,5,600,6,6,40,3,2,9,3,27,9,1,0.1,7.5e-05,0.00125,3,150,9,300,27,600,81,1200,0,600,0,600,2,0,0,7020288,0,0,718335582,-1767278063,1,_Results/IOtest/NoDev_5_industry,0,,-1869332438,,001,_Results/IOtest/NoDev_5_industry/001,0,0,
B14102017154138934090058,IOtest/collapse/NoDev_1_machine,0,24,24,1,1,1,0,600,0,600,12,8,12,4,6,5,5,5,3,3,0,1,600,6,2,40,3,2,9,3,27,9,1,0.1,7.5e-05,0.00125,3,150,9,300,0,600,0,1200,0,600,0,600,2,1,8,310,1,0,718335582,-1767278063,1,_Results/IOtest/collapse/NoDev_1_machine,0,,1606959146,,001,_Results/IOtest/collapse/NoDev_1_machine/001,0,0,
B14102017153924475583898,IOtest/NoDev_5_factory,0,24,24,1,1,1,0,300,0,600,12,8,12,4,6,5,5,5,3,3,0,5,600,6,6,40,3,2,9,3,27,9,1,0.1,7.5e-05,0.00125,3,150,9,300,27,600,0,1200,0,600,0,600,2,0,0,7020288,0,0,718335582,-1767278063,1,_Results/IOtest/NoDev_5_factory,0,,1204895786,,001,_Results/IOtest/NoDev_5_factory/001,0,0,
B14102017154138993364914,IOtest/collapse/NoDev_1_industry,0,24,24,1,1,1,0,600,0,600,12,8,12,4,6,5,5,5,3,3,0,1,600,6,2,40,3,2,9,3,27,9,1,0.1,7.5e-05,0.00125,3,150,9,300,27,600,81,1200,0,600,0,600,2,1,8,310,1,0,718335582,-1767278063,1,_Results/IOtest/collapse/NoDev_1_industry,0,,1315586090,,001,_Results/IOtest/collapse/NoDev_1_industry/001,0,0,
B14102017153924368248133,IOtest/NoDev_3_factory,0,24,24,1,1,1,0,300,0,600,12,8,12,4,6,5,5,5,3,3,0,3,600,6,4,40,3,2,9,3,27,9,1,0.1,7.5e-05,0.00125,3,150,9,300,27,600,0,1200,0,600,0,600,2,0,0,7020288,0,0,718335582,-1767278063,1,_Results/IOtest/NoDev_3_factory,0,,815480874,,001,_Results/IOtest/NoDev_3_factory/001,0,0,
B14102017154139051521503,IOtest/collapse/NoDev_3_machine,0,24,24,1,1,1,0,600,0,600,12,8,12,4,6,5,5,5,3,3,0,3,600,6,4,40,3,2,9,3,27,9,1,0.1,7.5e-05,0.00125,3,150,9,300,0,600,0,1200,0,600,0,600,2,1,8,310,1,0,718335582,-1767278063,1,_Results/IOtest/collapse/NoDev_3_machine,0,,-283885526,,001,_Results/IOtest/collapse/NoDev_3_machine/001,0,0,
B14102017154150243242535,IOtest/collapse/NoDev_7_factory,0,24,24,1,1,1,0,600,0,600,12,8,12,4,6,5,5,5,3,3,0,7,600,6,8,40,3,2,9,3,27,9,1,0.1,7.5e-05,0.00125,3,150,9,300,27,600,0,1200,0,600,0,600,2,1,8,310,1,0,718335582,-1767278063,1,_Results/IOtest/collapse/NoDev_7_factory,0,,-5095382,,001,_Results/IOtest/collapse/NoDev_7_factory/001,0,0,
B14102017154139269657201,IOtest/collapse/NoDev_7_machine,0,24,24,1,1,1,0,600,0,600,12,8,12,4,6,5,5,5,3,3,0,7,600,6,8,40,3,2,9,3,27,9,1,0.1,7.5e-05,0.00125,3,150,9,300,0,600,0,1200,0,600,0,600,2,1,8,310,1,0,718335582,-1767278063,1,_Results/IOtest/collapse/NoDev_7_machine,0,,-2029895638,,001,_Results/IOtest/collapse/NoDev_7_machine/001,0,0,
B14102017154139162849517,IOtest/collapse/NoDev_5_machine,0,24,24,1,1,1,0,600,0,600,12,8,12,4,6,5,5,5,3,3,0,5,600,6,6,40,3,2,9,3,27,9,1,0.1,7.5e-05,0.00125,3,150,9,300,0,600,0,1200,0,600,0,600,2,1,8,310,1,0,718335582,-1767278063,1,_Results/IOtest/collapse/NoDev_5_machine,0,,-1693499350,,001,_Results/IOtest/collapse/NoDev_5_machine/001,0,0,
B14102017154150281298129,IOtest/collapse/NoDev_7_industry,0,24,24,1,1,1,0,600,0,600,12,8,12,4,6,5,5,5,3,3,0,7,600,6,8,40,3,2,9,3,27,9,1,0.1,7.5e-05,0.00125,3,150,9,300,27,600,81,1200,0,600,0,600,2,1,8,310,1,0,718335582,-1767278063,1,_Results/IOtest/collapse/NoDev_7_industry,0,,758726698,,001,_Results/IOtest/collapse/NoDev_7_industry/001,0,0,
B14102017154138965082590,IOtest/collapse/NoDev_1_factory,0,24,24,1,1,1,0,600,0,600,12,8,12,4,6,5,5,5,3,3,0,1,600,6,2,40,3,2,9,3,27,9,1,0.1,7.5e-05,0.00125,3,150,9,300,27,600,0,1200,0,600,0,600,2,1,8,310,1,0,718335582,-1767278063,1,_Results/IOtest/collapse/NoDev_1_factory,0,,1439776810,,001,_Results/IOtest/collapse/NoDev_1_factory/001,0,0,
B14102017154139189599426,IOtest/collapse/NoDev_5_factory,0,24,24,1,1,1,0,600,0,600,12,8,12,4,6,5,5,5,3,3,0,5,600,6,6,40,3,2,9,3,27,9,1,0.1,7.5e-05,0.00125,3,150,9,300,27,600,0,1200,0,600,0,600,2,1,8,310,1,0,718335582,-1767278063,1,_Results/IOtest/collapse/NoDev_5_factory,0,,-1352318934,,001,_Results/IOtest/collapse/NoDev_5_factory/001,0,0,
B14102017154139212664532,IOtest/collapse/NoDev_5_industry,0,24,24,1,1,1,0,600,0,600,12,8,12,4,6,5,5,5,3,3,0,5,600,6,6,40,3,2,9,3,27,9,1,0.1,7.5e-05,0.00125,3,150,9,300,27,600,81,1200,0,600,0,600,2,1,8,310,1,0,718335582,-1767278063,1,_Results/IOtest/collapse/NoDev_5_industry,0,,604127274,,001,_Results/IOtest/collapse/NoDev_5_industry/001,0,0,
B14102017153924392942832,IOtest/NoDev_3_industry,0,24,24,1,1,1,0,300,0,600,12,8,12,4,6,5,5,5,3,3,0,3,600,6,4,40,3,2,9,3,27,9,1,0.1,7.5e-05,0.00125,3,150,9,300,27,600,81,1200,0,600,0,600,2,0,0,7020288,0,0,718335582,-1767278063,1,_Results/IOtest/NoDev_3_industry,0,,1434140714,,001,_Results/IOtest/NoDev_3_industry/001,0,0,
B14102017154139089526625,IOtest/collapse/NoDev_3_factory,0,24,24,1,1,1,0,600,0,600,12,8,12,4,6,5,5,5,3,3,0,3,600,6,4,40,3,2,9,3,27,9,1,0.1,7.5e-05,0.00125,3,150,9,300,27,600,0,1200,0,600,0,600,2,1,8,310,1,0,718335582,-1767278063,1,_Results/IOtest/collapse/NoDev_3_factory,0,,-1946468310,,001,_Results/IOtest/collapse/NoDev_3_factory/001,0,0,
B14102017163634215898738,IOtest30/NoDev_1_tool,0,24,24,1,1,1,0,500,0,600,12,8,12,4,6,5,5,5,3,3,0,1,600,6,2,40,3,2,9,3,27,9,1,0.1,7.5e-05,0.00125,3,150,0,300,0,600,0,1200,0,600,0,600,2,0,0,7020288,0,0,718335582,-1767278063,1,_Results/IOtest30/NoDev_1_tool,0,,-1778958294,,001,_Results/IOtest30/NoDev_1_tool/001,0,0,
B14102017163623260604009,IOtest30/collapse/NoDev_1_tool,0,24,24,1,1,1,0,600,0,600,12,8,12,4,6,5,5,5,3,3,0,1,600,6,2,40,3,2,9,3,27,9,1,0.1,7.5e-05,0.00125,3,150,0,300,0,600,0,1200,0,600,0,600,2,1,8,310,1,0,718335582,-1767278063,1,_Results/IOtest30/collapse/NoDev_1_tool,0,,-1864744918,,001,_Results/IOtest30/collapse/NoDev_1_tool/001,0,0,
B14102017163623376030095,IOtest30/collapse/NoDev_3_tool,0,24,24,1,1,1,0,600,0,600,12,8,12,4,6,5,5,5,3,3,0,3,600,6,4,40,3,2,9,3,27,9,1,0.1,7.5e-05,0.00125,3,150,0,300,0,600,0,1200,0,600,0,600,2,1,8,310,1,0,718335582,-1767278063,1,_Results/IOtest30/collapse/NoDev_3_tool,0,,-1707327446,,001,_Results/IOtest30/collapse/NoDev_3_tool/001,0,0,
B14102017163634325100188,IOtest30/NoDev_3_tool,0,24,24,1,1,1,0,500,0,600,12,8,12,4,6,5,5,5,3,3,0,3,600,6,4,40,3,2,9,3,27,9,1,0.1,7.5e-05,0.00125,3,150,0,300,0,600,0,1200,0,600,0,600,2,0,0,7020288,0,0,718335582,-1767278063,1,_Results/IOtest30/NoDev_3_tool,0,,-892256214,,001,_Results/IOtest30/NoDev_3_tool/001,0,0,
B14102017163634439228731,IOtest30/NoDev_5_tool,0,24,24,1,1,1,0,500,0,600,12,8,12,4,6,5,5,5,3,3,0,5,600,6,6,40,3,2,9,3,27,9,1,0.1,7.5e-05,0.00125,3,150,0,300,0,600,0,1200,0,600,0,600,2,0,0,7020288,0,0,718335582,-1767278063,1,_Results/IOtest30/NoDev_5_tool,0,,-1632681942,,001,_Results/IOtest30/NoDev_5_tool/001,0,0,
B14102017163634572770516,IOtest30/NoDev_7_tool,0,24,24,1,1,1,0,500,0,600,12,8,12,4,6,5,5,5,3,3,0,7,600,6,8,40,3,2,9,3,27,9,1,0.1,7.5e-05,0.00125,3,150,0,300,0,600,0,1200,0,600,0,600,2,0,0,7020288,0,0,718335582,-1767278063,1,_Results/IOtest30/NoDev_7_tool,0,,963199018,,001,_Results/IOtest30/NoDev_7_tool/001,0,0,
B14102017163623494221618,IOtest30/collapse/NoDev_5_tool,0,24,24,1,1,1,0,600,0,600,12,8,12,4,6,5,5,5,3,3,0,5,600,6,6,40,3,2,9,3,27,9,1,0.1,7.5e-05,0.00125,3,150,0,300,0,600,0,1200,0,600,0,600,2,1,8,310,1,0,718335582,-1767278063,1,_Results/IOtest30/collapse/NoDev_5_tool,0,,-2041429974,,001,_Results/IOtest30/collapse/NoDev_5_tool/001,0,0,
B14102017163623599258426,IOtest30/collapse/NoDev_7_tool,0,24,24,1,1,1,0,600,0,600,12,8,12,4,6,5,5,5,3,3,0,7,600,6,8,40,3,2,9,3,27,9,1,0.1,7.5e-05,0.00125,3,150,0,300,0,600,0,1200,0,600,0,600,2,1,8,310,1,0,718335582,-1767278063,1,_Results/IOtest30/collapse/NoDev_7_tool,0,,-1776140246,,001,_Results/IOtest30/collapse/NoDev_7_tool/001,0,0,
B14102017163634251384379,IOtest30/NoDev_1_machine,0,24,24,1,1,1,0,500,0,600,12,8,12,4,6,5,5,5,3,3,0,1,600,6,2,40,3,2,9,3,27,9,1,0.1,7.5e-05,0.00125,3,150,9,300,0,600,0,1200,0,600,0,600,2,0,0,7020288,0,0,718335582,-1767278063,1,_Results/IOtest30/NoDev_1_machine,0,,1505574954,,001,_Results/IOtest30/NoDev_1_machine/001,0,0,
B14102017163634353354642,IOtest30/NoDev_3_machine,0,24,24,1,1,1,0,500,0,600,12,8,12,4,6,5,5,5,3,3,0,3,600,6,4,40,3,2,9,3,27,9,1,0.1,7.5e-05,0.00125,3,150,9,300,0,600,0,1200,0,600,0,600,2,0,0,7020288,0,0,718335582,-1767278063,1,_Results/IOtest30/NoDev_3_machine,0,,606224426,,001,_Results/IOtest30/NoDev_3_machine/001,0,0,
B14102017163623285460421,IOtest30/collapse/NoDev_1_machine,0,24,24,1,1,1,0,600,0,600,12,8,12,4,6,5,5,5,3,3,0,1,600,6,2,40,3,2,9,3,27,9,1,0.1,7.5e-05,0.00125,3,150,9,300,0,600,0,1200,0,600,0,600,2,1,8,310,1,0,718335582,-1767278063,1,_Results/IOtest30/collapse/NoDev_1_machine,0,,-1442168790,,001,_Results/IOtest30/collapse/NoDev_1_machine/001,0,0,
B14102017163634297901979,IOtest30/NoDev_1_industry,0,24,24,1,1,1,0,500,0,600,12,8,12,4,6,5,5,5,3,3,0,1,600,6,2,40,3,2,9,3,27,9,1,0.1,7.5e-05,0.00125,3,150,9,300,27,600,81,1200,0,600,0,600,2,0,0,7020288,0,0,718335582,-1767278063,1,_Results/IOtest30/NoDev_1_industry,0,,-401653718,,001,_Results/IOtest30/NoDev_1_industry/001,0,0,
B14102017163634462483061,IOtest30/NoDev_5_machine,0,24,24,1,1,1,0,500,0,600,12,8,12,4,6,5,5,5,3,3,0,5,600,6,6,40,3,2,9,3,27,9,1,0.1,7.5e-05,0.00125,3,150,9,300,0,600,0,1200,0,600,0,600,2,0,0,7020288,0,0,718335582,-1767278063,1,_Results/IOtest30/NoDev_5_machine,0,,-323010518,,001,_Results/IOtest30/NoDev_5_machine/001,0,0,
B14102017163635370679574,IOtest30/NoDev_7_factory,0,24,24,1,1,1,0,500,0,600,12,8,12,4,6,5,5,5,3,3,0,7,600,6,8,40,3,2,9,3,27,9,1,0.1,7.5e-05,0.00125,3,150,9,300,27,600,0,1200,0,600,0,600,2,0,0,7020288,0,0,718335582,-1767278063,1,_Results/IOtest30/NoDev_7_factory,0,,-235323350,,001,_Results/IOtest30/NoDev_7_factory/001,0,0,
B14102017163634596869667,IOtest30/NoDev_7_machine,0,24,24,1,1,1,0,500,0,600,12,8,12,4,6,5,5,5,3,3,0,7,600,6,8,40,3,2,9,3,27,9,1,0.1,7.5e-05,0.00125,3,150,9,300,0,600,0,1200,0,600,0,600,2,0,0,7020288,0,0,718335582,-1767278063,1,_Results/IOtest30/NoDev_7_machine,0,,-57589718,,001,_Results/IOtest30/NoDev_7_machine/001,0,0,
B14102017163623405219824,IOtest30/collapse/NoDev_3_machine,0,24,24,1,1,1,0,600,0,600,12,8,12,4,6,5,5,5,3,3,0,3,600,6,4,40,3,2,9,3,27,9,1,0.1,7.5e-05,0.00125,3,150,9,300,0,600,0,1200,0,600,0,600,2,1,8,310,1,0,718335582,-1767278063,1,_Results/IOtest30/collapse/NoDev_3_machine,0,,208158762,,001,_Results/IOtest30/collapse/NoDev_3_machine/001,0,0,
B14102017163635370621814,IOtest30/NoDev_7_industry,0,24,24,1,1,1,0,500,0,600,12,8,12,4,6,5,5,5,3,3,0,7,600,6,8,40,3,2,9,3,27,9,1,0.1,7.5e-05,0.00125,3,150,9,300,27,600,81,1200,0,600,0,600,2,0,0,7020288,0,0,718335582,-1767278063,1,_Results/IOtest30/NoDev_7_industry,0,,2023768106,,001,_Results/IOtest30/NoDev_7_industry/001,0,0,
B14102017163623621541635,IOtest30/collapse/NoDev_7_machine,0,24,24,1,1,1,0,600,0,600,12,8,12,4,6,5,5,5,3,3,0,7,600,6,8,40,3,2,9,3,27,9,1,0.1,7.5e-05,0.00125,3,150,9,300,0,600,0,1200,0,600,0,600,2,1,8,310,1,0,718335582,-1767278063,1,_Results/IOtest30/collapse/NoDev_7_machine,0,,1343307818,,001,_Results/IOtest30/collapse/NoDev_7_machine/001,0,0,
B14102017163623647412680,IOtest30/collapse/NoDev_7_factory,0,24,24,1,1,1,0,600,0,600,12,8,12,4,6,5,5,5,3,3,0,7,600,6,8,40,3,2,9,3,27,9,1,0.1,7.5e-05,0.00125,3,150,9,300,27,600,0,1200,0,600,0,600,2,1,8,310,1,0,718335582,-1767278063,1,_Results/IOtest30/collapse/NoDev_7_factory,0,,-1768603606,,001,_Results/IOtest30/collapse/NoDev_7_factory/001,0,0,
B14102017163623316022364,IOtest30/collapse/NoDev_1_factory,0,24,24,1,1,1,0,600,0,600,12,8,12,4,6,5,5,5,3,3,0,1,600,6,2,40,3,2,9,3,27,9,1,0.1,7.5e-05,0.00125,3,150,9,300,27,600,0,1200,0,600,0,600,2,1,8,310,1,0,718335582,-1767278063,1,_Results/IOtest30/collapse/NoDev_1_factory,0,,213860394,,001,_Results/IOtest30/collapse/NoDev_1_factory/001,0,0,
B14102017154139107641369,IOtest/collapse/NoDev_3_industry,0,24,24,1,1,1,0,600,0,600,12,8,12,4,6,5,5,5,3,3,0,3,600,6,4,40,3,2,9,3,27,9,1,0.1,7.5e-05,0.00125,3,150,9,300,27,600,81,1200,0,600,0,600,2,1,8,310,1,0,718335582,-1767278063,1,_Results/IOtest/collapse/NoDev_3_industry,0,,-1598275542,,001,_Results/IOtest/collapse/NoDev_3_industry/001,0,0,
B14102017163623520364100,IOtest30/collapse/NoDev_5_machine,0,24,24,1,1,1,0,600,0,600,12,8,12,4,6,5,5,5,3,3,0,5,600,6,6,40,3,2,9,3,27,9,1,0.1,7.5e-05,0.00125,3,150,9,300,0,600,0,1200,0,600,0,600,2,1,8,310,1,0,718335582,-1767278063,1,_Results/IOtest30/collapse/NoDev_5_machine,0,,-1996865494,,001,_Results/IOtest30/collapse/NoDev_5_machine/001,0,0,
B14102017163634274751226,IOtest30/NoDev_1_factory,0,24,24,1,1,1,0,500,0,600,12,8,12,4,6,5,5,5,3,3,0,1,600,6,2,40,3,2,9,3,27,9,1,0.1,7.5e-05,0.00125,3,150,9,300,27,600,0,1200,0,600,0,600,2,0,0,7020288,0,0,718335582,-1767278063,1,_Results/IOtest30/NoDev_1_factory,0,,332808234,,001,_Results/IOtest30/NoDev_1_factory/001,0,0,
B14102017163623686940702,IOtest30/collapse/NoDev_7_industry,0,24,24,1,1,1,0,600,0,600,12,8,12,4,6,5,5,5,3,3,0,7,600,6,8,40,3,2,9,3,27,9,1,0.1,7.5e-05,0.00125,3,150,9,300,27,600,81,1200,0,600,0,600,2,1,8,310,1,0,718335582,-1767278063,1,_Results/IOtest30/collapse/NoDev_7_industry,0,,1573863466,,001,_Results/IOtest30/collapse/NoDev_7_industry/001,0,0,
B14102017163623353285867,IOtest30/collapse/NoDev_1_industry,0,24,24,1,1,1,0,600,0,600,12,8,12,4,6,5,5,5,3,3,0,1,600,6,2,40,3,2,9,3,27,9,1,0.1,7.5e-05,0.00125,3,150,9,300,27,600,81,1200,0,600,0,600,2,1,8,310,1,0,718335582,-1767278063,1,_Results/IOtest30/collapse/NoDev_1_industry,0,,-1594736598,,001,_Results/IOtest30/collapse/NoDev_1_industry/001,0,0,
B14102017163634490451911,IOtest30/NoDev_5_factory,0,24,24,1,1,1,0,500,0,600,12,8,12,4,6,5,5,5,3,3,0,5,600,6,6,40,3,2,9,3,27,9,1,0.1,7.5e-05,0.00125,3,150,9,300,27,600,0,1200,0,600,0,600,2,0,0,7020288,0,0,718335582,-1767278063,1,_Results/IOtest30/NoDev_5_factory,0,,134758442,,001,_Results/IOtest30/NoDev_5_factory/001,0,0,
B14102017163634546096324,IOtest30/NoDev_5_industry,0,24,24,1,1,1,0,500,0,600,12,8,12,4,6,5,5,5,3,3,0,5,600,6,6,40,3,2,9,3,27,9,1,0.1,7.5e-05,0.00125,3,150,9,300,27,600,81,1200,0,600,0,600,2,0,0,7020288,0,0,718335582,-1767278063,1,_Results/IOtest30/NoDev_5_industry,0,,1825914922,,001,_Results/IOtest30/NoDev_5_industry/001,0,0,
B14102017163623546724505,IOtest30/collapse/NoDev_5_factory,0,24,24,1,1,1,0,600,0,600,12,8,12,4,6,5,5,5,3,3,0,5,600,6,6,40,3,2,9,3,27,9,1,0.1,7.5e-05,0.00125,3,150,9,300,27,600,0,1200,0,600,0,600,2,1,8,310,1,0,718335582,-1767278063,1,_Results/IOtest30/collapse/NoDev_5_factory,0,,358432810,,001,_Results/IOtest30/collapse/NoDev_5_factory/001,0,0,
B14102017163623577033108,IOtest30/collapse/NoDev_5_industry,0,24,24,1,1,1,0,600,0,600,12,8,12,4,6,5,5,5,3,3,0,5,600,6,6,40,3,2,9,3,27,9,1,0.1,7.5e-05,0.00125,3,150,9,300,27,600,81,1200,0,600,0,600,2,1,8,310,1,0,718335582,-1767278063,1,_Results/IOtest30/collapse/NoDev_5_industry,0,,-131055574,,001,_Results/IOtest30/collapse/NoDev_5_industry/001,0,0,
B14102017163634377212869,IOtest30/NoDev_3_factory,0,24,24,1,1,1,0,500,0,600,12,8,12,4,6,5,5,5,3,3,0,3,600,6,4,40,3,2,9,3,27,9,1,0.1,7.5e-05,0.00125,3,150,9,300,27,600,0,1200,0,600,0,600,2,0,0,7020288,0,0,718335582,-1767278063,1,_Results/IOtest30/NoDev_3_factory,0,,-832618454,,001,_Results/IOtest30/NoDev_3_factory/001,0,0,
B14102017181713015849021,IOtest/NoDev_1_tool,0,24,24,1,1,1,0,1000,0,600,12,8,12,4,6,5,5,5,3,3,0,1,600,6,2,40,3,2,9,3,27,9,1,0.1,7.5e-05,0.00125,3,150,0,300,0,600,0,1200,0,600,0,600,2,0,0,7020288,0,0,718335582,-1767278063,1,_Results/IOtest/NoDev_1_tool,0,,1807761450,,001,_Results/IOtest/NoDev_1_tool/001,0,0,
B14102017181712347959116,IOtest/collapse/NoDev_1_tool,0,24,24,1,1,1,0,1000,0,600,12,8,12,4,6,5,5,5,3,3,0,1,600,6,2,40,3,2,9,3,27,9,1,0.1,7.5e-05,0.00125,3,150,0,300,0,600,0,1200,0,600,0,600,2,1,8,995,1,0,718335582,-1767278063,1,_Results/IOtest/collapse/NoDev_1_tool,0,,-2024194006,,001,_Results/IOtest/collapse/NoDev_1_tool/001,0,0,
B14102017181713131845911,IOtest/NoDev_1_factory,0,24,24,1,1,1,0,1000,0,600,12,8,12,4,6,5,5,5,3,3,0,1,600,6,2,40,3,2,9,3,27,9,1,0.1,7.5e-05,0.00125,3,150,9,300,27,600,0,1200,0,600,0,600,2,0,0,7020288,0,0,718335582,-1767278063,1,_Results/IOtest/NoDev_1_factory,0,,-2019803094,,001,_Results/IOtest/NoDev_1_factory/001,0,0,
B14102017181712501143255,IOtest/collapse/NoDev_3_tool,0,24,24,1,1,1,0,1000,0,600,12,8,12,4,6,5,5,5,3,3,0,3,600,6,4,40,3,2,9,3,27,9,1,0.1,7.5e-05,0.00125,3,150,0,300,0,600,0,1200,0,600,0,600,2,1,8,995,1,0,718335582,-1767278063,1,_Results/IOtest/collapse/NoDev_3_tool,0,,1817002026,,001,_Results/IOtest/collapse/NoDev_3_tool/001,0,0,
B14102017181713390011269,IOtest/NoDev_5_tool,0,24,24,1,1,1,0,1000,0,600,12,8,12,4,6,5,5,5,3,3,0,5,600,6,6,40,3,2,9,3,27,9,1,0.1,7.5e-05,0.00125,3,150,0,300,0,600,0,1200,0,600,0,600,2,0,0,7020288,0,0,718335582,-1767278063,1,_Results/IOtest/NoDev_5_tool,0,,1895907370,,001,_Results/IOtest/NoDev_5_tool/001,0,0,
B14102017181713174008444,IOtest/NoDev_3_tool,0,24,24,1,1,1,0,1000,0,600,12,8,12,4,6,5,5,5,3,3,0,3,600,6,4,40,3,2,9,3,27,9,1,0.1,7.5e-05,0.00125,3,150,0,300,0,600,0,1200,0,600,0,600,2,0,0,7020288,0,0,718335582,-1767278063,1,_Results/IOtest/NoDev_3_tool,0,,-1794555862,,001,_Results/IOtest/NoDev_3_tool/001,0,0,
B14102017181712645772787,IOtest/collapse/NoDev_5_tool,0,24,24,1,1,1,0,1000,0,600,12,8,12,4,6,5,5,5,3,3,0,5,600,6,6,40,3,2,9,3,27,9,1,0.1,7.5e-05,0.00125,3,150,0,300,0,600,0,1200,0,600,0,600,2,1,8,995,1,0,718335582,-1767278063,1,_Results/IOtest/collapse/NoDev_5_tool,0,,535183402,,001,_Results/IOtest/collapse/NoDev_5_tool/001,0,0,
B14102017181713541431065,IOtest/NoDev_7_tool,0,24,24,1,1,1,0,1000,0,600,12,8,12,4,6,5,5,5,3,3,0,7,600,6,8,40,3,2,9,3,27,9,1,0.1,7.5e-05,0.00125,3,150,0,300,0,600,0,1200,0,600,0,600,2,0,0,7020288,0,0,718335582,-1767278063,1,_Results/IOtest/NoDev_7_tool,0,,-578273238,,001,_Results/IOtest/NoDev_7_tool/001,0,0,
B14102017181712893377944,IOtest/collapse/NoDev_7_tool,0,24,24,1,1,1,0,1000,0,600,12,8,12,4,6,5,5,5,3,3,0,7,600,6,8,40,3,2,9,3,27,9,1,0.1,7.5e-05,0.00125,3,150,0,300,0,600,0,1200,0,600,0,600,2,1,8,995,1,0,718335582,-1767278063,1,_Results/IOtest/collapse/NoDev_7_tool,0,,609370154,,001,_Results/IOtest/collapse/NoDev_7_tool/001,0,0,
B14102017181712365381059,IOtest/collapse/NoDev_1_machine,0,24,24,1,1,1,0,1000,0,600,12,8,12,4,6,5,5,5,3,3,0,1,600,6,2,40,3,2,9,3,27,9,1,0.1,7.5e-05,0.00125,3,150,9,300,0,600,0,1200,0,600,0,600,2,1,8,995,1,0,718335582,-1767278063,1,_Results/IOtest/collapse/NoDev_1_machine,0,,-294961110,,001,_Results/IOtest/collapse/NoDev_1_machine/001,0,0,
B14102017181713043218937,IOtest/NoDev_1_machine,0,24,24,1,1,1,0,1000,0,600,12,8,12,4,6,5,5,5,3,3,0,1,600,6,2,40,3,2,9,3,27,9,1,0.1,7.5e-05,0.00125,3,150,9,300,0,600,0,1200,0,600,0,600,2,0,0,7020288,0,0,718335582,-1767278063,1,_Results/IOtest/NoDev_1_machine,0,,-365412310,,001,_Results/IOtest/NoDev_1_machine/001,0,0,
B14102017181713148943712,IOtest/NoDev_1_industry,0,24,24,1,1,1,0,1000,0,600,12,8,12,4,6,5,5,5,3,3,0,1,600,6,2,40,3,2,9,3,27,9,1,0.1,7.5e-05,0.00125,3,150,9,300,27,600,81,1200,0,600,0,600,2,0,0,7020288,0,0,718335582,-1767278063,1,_Results/IOtest/NoDev_1_industry,0,,18432042,,001,_Results/IOtest/NoDev_1_industry/001,0,0,
B14102017181713258598094,IOtest/NoDev_3_machine,0,24,24,1,1,1,0,1000,0,600,12,8,12,4,6,5,5,5,3,3,0,3,600,6,4,40,3,2,9,3,27,9,1,0.1,7.5e-05,0.00125,3,150,9,300,0,600,0,1200,0,600,0,600,2,0,0,7020288,0,0,718335582,-1767278063,1,_Results/IOtest/NoDev_3_machine,0,,-672645078,,001,_Results/IOtest/NoDev_3_machine/001,0,0,
B14102017181713409391534,IOtest/NoDev_5_machine,0,24,24,1,1,1,0,1000,0,600,12,8,12,4,6,5,5,5,3,3,0,5,600,6,6,40,3,2,9,3,27,9,1,0.1,7.5e-05,0.00125,3,150,9,300,0,600,0,1200,0,600,0,600,2,0,0,7020288,0,0,718335582,-1767278063,1,_Results/IOtest/NoDev_5_machine,0,,465584170,,001,_Results/IOtest/NoDev_5_machine/001,0,0,
B14102017181712525834072,IOtest/collapse/NoDev_3_machine,0,24,24,1,1,1,0,1000,0,600,12,8,12,4,6,5,5,5,3,3,0,3,600,6,4,40,3,2,9,3,27,9,1,0.1,7.5e-05,0.00125,3,150,9,300,0,600,0,1200,0,600,0,600,2,1,8,995,1,0,718335582,-1767278063,1,_Results/IOtest/collapse/NoDev_3_machine,0,,863977514,,001,_Results/IOtest/collapse/NoDev_3_machine/001,0,0,
B14102017181712783662195,IOtest/collapse/NoDev_5_machine,0,24,24,1,1,1,0,1000,0,600,12,8,12,4,6,5,5,5,3,3,0,5,600,6,6,40,3,2,9,3,27,9,1,0.1,7.5e-05,0.00125,3,150,9,300,0,600,0,1200,0,600,0,600,2,1,8,995,1,0,718335582,-1767278063,1,_Results/IOtest/collapse/NoDev_5_machine,0,,-766951382,,001,_Results/IOtest/collapse/NoDev_5_machine/001,0,0,
B14102017181712893692308,IOtest/collapse/NoDev_7_machine,0,24,24,1,1,1,0,1000,0,600,12,8,12,4,6,5,5,5,3,3,0,7,600,6,8,40,3,2,9,3,27,9,1,0.1,7.5e-05,0.00125,3,150,9,300,0,600,0,1200,0,600,0,600,2,1,8,995,1,0,718335582,-1767278063,1,_Results/IOtest/collapse/NoDev_7_machine,0,,-1776271318,,001,_Results/IOtest/collapse/NoDev_7_machine/001,0,0,
B14102017181713559803373,IOtest/NoDev_7_machine,0,24,24,1,1,1,0,1000,0,600,12,8,12,4,6,5,5,5,3,3,0,7,600,6,8,40,3,2,9,3,27,9,1,0.1,7.5e-05,0.00125,3,150,9,300,0,600,0,1200,0,600,0,600,2,0,0,7020288,0,0,718335582,-1767278063,1,_Results/IOtest/NoDev_7_machine,0,,1520255018,,001,_Results/IOtest/NoDev_7_machine/001,0,0,
B14102017181713660080059,IOtest/NoDev_7_factory,0,24,24,1,1,1,0,1000,0,600,12,8,12,4,6,5,5,5,3,3,0,7,600,6,8,40,3,2,9,3,27,9,1,0.1,7.5e-05,0.00125,3,150,9,300,27,600,0,1200,0,600,0,600,2,0,0,7020288,0,0,718335582,-1767278063,1,_Results/IOtest/NoDev_7_factory,0,,207241258,,001,_Results/IOtest/NoDev_7_factory/001,0,0,
B14102017181712998668684,IOtest/collapse/NoDev_7_industry,0,24,24,1,1,1,0,1000,0,600,12,8,12,4,6,5,5,5,3,3,0,7,600,6,8,40,3,2,9,3,27,9,1,0.1,7.5e-05,0.00125,3,150,9,300,27,600,81,1200,0,600,0,600,2,1,8,995,1,0,718335582,-1767278063,1,_Results/IOtest/collapse/NoDev_7_industry,0,,-103202774,,001,_Results/IOtest/collapse/NoDev_7_industry/001,0,0,
B14102017181713677191105,IOtest/NoDev_7_industry,0,24,24,1,1,1,0,1000,0,600,12,8,12,4,6,5,5,5,3,3,0,7,600,6,8,40,3,2,9,3,27,9,1,0.1,7.5e-05,0.00125,3,150,9,300,27,600,81,1200,0,600,0,600,2,0,0,7020288,0,0,718335582,-1767278063,1,_Results/IOtest/NoDev_7_industry,0,,-1824112598,,001,_Results/IOtest/NoDev_7_industry/001,0,0,
B14102017181712909703124,IOtest/collapse/NoDev_7_factory,0,24,24,1,1,1,0,1000,0,600,12,8,12,4,6,5,5,5,3,3,0,7,600,6,8,40,3,2,9,3,27,9,1,0.1,7.5e-05,0.00125,3,150,9,300,27,600,0,1200,0,600,0,600,2,1,8,995,1,0,718335582,-1767278063,1,_Results/IOtest/collapse/NoDev_7_factory,0,,1956855850,,001,_Results/IOtest/collapse/NoDev_7_factory/001,0,0,
B14102017181712394891182,IOtest/collapse/NoDev_1_factory,0,24,24,1,1,1,0,1000,0,600,12,8,12,4,6,5,5,5,3,3,0,1,600,6,2,40,3,2,9,3,27,9,1,0.1,7.5e-05,0.00125,3,150,9,300,27,600,0,1200,0,600,0,600,2,1,8,995,1,0,718335582,-1767278063,1,_Results/IOtest/collapse/NoDev_1_factory,0,,754925610,,001,_Results/IOtest/collapse/NoDev_1_factory/001,0,0,
B14102017181712482305126,IOtest/collapse/NoDev_1_industry,0,24,24,1,1,1,0,1000,0,600,12,8,12,4,6,5,5,5,3,3,0,1,600,6,2,40,3,2,9,3,27,9,1,0.1,7.5e-05,0.00125,3,150,9,300,27,600,81,1200,0,600,0,600,2,1,8,995,1,0,718335582,-1767278063,1,_Results/IOtest/collapse/NoDev_1_industry,0,,-1997193174,,001,_Results/IOtest/collapse/NoDev_1_industry/001,0,0,
B14102017181713520188435,IOtest/NoDev_5_industry,0,24,24,1,1,1,0,1000,0,600,12,8,12,4,6,5,5,5,3,3,0,5,600,6,6,40,3,2,9,3,27,9,1,0.1,7.5e-05,0.00125,3,150,9,300,27,600,81,1200,0,600,0,600,2,0,0,7020288,0,0,718335582,-1767278063,1,_Results/IOtest/NoDev_5_industry,0,,154877994,,001,_Results/IOtest/NoDev_5_industry/001,0,0,
B14102017181712784129688,IOtest/collapse/NoDev_5_industry,0,24,24,1,1,1,0,1000,0,600,12,8,12,4,6,5,5,5,3,3,0,5,600,6,6,40,3,2,9,3,27,9,1,0.1,7.5e-05,0.00125,3,150,9,300,27,600,81,1200,0,600,0,600,2,1,8,995,1,0,718335582,-1767278063,1,_Results/IOtest/collapse/NoDev_5_industry,0,,1810907178,,001,_Results/IOtest/collapse/NoDev_5_industry/001,0,0,
B14102017181713270077319,IOtest/NoDev_3_factory,0,24,24,1,1,1,0,1000,0,600,12,8,12,4,6,5,5,5,3,3,0,3,600,6,4,40,3,2,9,3,27,9,1,0.1,7.5e-05,0.00125,3,150,9,300,27,600,0,1200,0,600,0,600,2,0,0,7020288,0,0,718335582,-1767278063,1,_Results/IOtest/NoDev_3_factory,0,,-1236582358,,001,_Results/IOtest/NoDev_3_factory/001,0,0,
B14102017181712783978070,IOtest/collapse/NoDev_5_factory,0,24,24,1,1,1,0,1000,0,600,12,8,12,4,6,5,5,5,3,3,0,5,600,6,6,40,3,2,9,3,27,9,1,0.1,7.5e-05,0.00125,3,150,9,300,27,600,0,1200,0,600,0,600,2,1,8,995,1,0,718335582,-1767278063,1,_Results/IOtest/collapse/NoDev_5_factory,0,,-789495766,,001,_Results/IOtest/collapse/NoDev_5_factory/001,0,0,
B14102017181713434044698,IOtest/NoDev_5_factory,0,24,24,1,1,1,0,1000,0,600,12,8,12,4,6,5,5,5,3,3,0,5,600,6,6,40,3,2,9,3,27,9,1,0.1,7.5e-05,0.00125,3,150,9,300,27,600,0,1200,0,600,0,600,2,0,0,7020288,0,0,718335582,-1767278063,1,_Results/IOtest/NoDev_5_factory,0,,-1145749462,,001,_Results/IOtest/NoDev_5_factory/001,0,0,
B14102017181712603175887,IOtest/collapse/NoDev_3_factory,0,24,24,1,1,1,0,1000,0,600,12,8,12,4,6,5,5,5,3,3,0,3,600,6,4,40,3,2,9,3,27,9,1,0.1,7.5e-05,0.00125,3,150,9,300,27,600,0,1200,0,600,0,600,2,1,8,995,1,0,718335582,-1767278063,1,_Results/IOtest/collapse/NoDev_3_factory,0,,1069498410,,001,_Results/IOtest/collapse/NoDev_3_factory/001,0,0,
B14102017181713300728374,IOtest/NoDev_3_industry,0,24,24,1,1,1,0,1000,0,600,12,8,12,4,6,5,5,5,3,3,0,3,600,6,4,40,3,2,9,3,27,9,1,0.1,7.5e-05,0.00125,3,150,9,300,27,600,81,1200,0,600,0,600,2,0,0,7020288,0,0,718335582,-1767278063,1,_Results/IOtest/NoDev_3_industry,0,,-611434454,,001,_Results/IOtest/NoDev_3_industry/001,0,0,
B14102017181712624308708,IOtest/collapse/NoDev_3_industry,0,24,24,1,1,1,0,1000,0,600,12,8,12,4,6,5,5,5,3,3,0,3,600,6,4,40,3,2,9,3,27,9,1,0.1,7.5e-05,0.00125,3,150,9,300,27,600,81,1200,0,600,0,600,2,1,8,995,1,0,718335582,-1767278063,1,_Results/IOtest/collapse/NoDev_3_industry,0,,1214660650,,001,_Results/IOtest/collapse/NoDev_3_industry/001,0,0,
B10112017011913309160544,iotest1,0,4,10,1,1,1,1,100,0,600,12,8,12,4,4,5,5,5,3,3,0,3,600,6,4,40,3,2,9,3,27,9,1,0.1,7.5e-05,0.00125,3,150,9,300,27,600,81,1200,0,600,0,600,2,0,0,7020288,0,0,718335582,-1767278063,1,_Results/iotest1,0,,226115626,,001,_Results/iotest1/001,1,0,
B10112017012942178171974,iotest1,0,4,10,1,1,1,1,100,0,600,12,8,12,4,4,5,5,5,3,3,0,3,600,6,4,40,3,2,9,3,27,9,1,0.1,7.5e-05,0.00125,3,150,9,300,27,600,81,1200,0,600,0,600,2,0,0,7020288,0,0,718335582,-1767278063,1,_Results/iotest1,0,,-1221836758,,001,_Results/iotest1/001,1,0,
B10112017013015250218823,iotest1,0,4,10,1,1,1,1,100,0,600,12,8,12,4,4,5,5,5,3,3,0,3,600,6,4,40,3,2,9,3,27,9,1,0.1,7.5e-05,0.00125,3,150,9,300,27,600,81,1200,0,600,0,600,2,0,0,7020288,0,0,718335582,-1767278063,1,_Results/iotest1,0,,1687109674,,001,_Results/iotest1/001,1,0,
B10112017014847164472640,iotest1,0,4,10,1,1,1,1,100,0,600,12,8,12,4,4,5,5,5,3,3,0,3,600,6,4,40,3,2,9,3,27,9,1,0.1,7.5e-05,0.00125,3,150,9,300,27,600,81,1200,0,600,0,600,2,0,0,7020288,0,0,718335582,-1767278063,1,_Results/iotest1,0,,-802275286,,001,_Results/iotest1/001,1,0,
B10112017015143200250283,iotest1,0,4,10,1,1,1,1,100,0,600,12,8,12,4,4,5,5,5,3,3,0,3,600,6,4,40,3,2,9,3,27,9,1,0.1,7.5e-05,0.00125,3,150,9,300,27,600,81,1200,0,600,0,600,2,0,0,7020288,0,0,718335582,-1767278063,1,_Results/iotest1,0,,-410304470,,001,_Results/iotest1/001,1,0,
B10112017020232263024532,IOtest/collapse/NoDev_5_tool,0,24,24,1,1,1,0,1000,0,600,12,8,12,4,6,5,5,5,3,3,0,5,600,6,6,40,3,2,9,3,27,9,1,0.1,7.5e-05,0.00125,3,150,0,300,0,600,0,1200,0,600,0,600,2,1,8,600,1,0,718335582,-1767278063,1,_Results/IOtest/collapse/NoDev_5_tool,0,,-648265686,,001,_Results/IOtest/collapse/NoDev_5_tool/001,0,0,
B10112017020232481452984,IOtest/collapse/NoDev_7_tool,0,24,24,1,1,1,0,1000,0,600,12,8,12,4,6,5,5,5,3,3,0,7,600,6,8,40,3,2,9,3,27,9,1,0.1,7.5e-05,0.00125,3,150,0,300,0,600,0,1200,0,600,0,600,2,1,8,600,1,0,718335582,-1767278063,1,_Results/IOtest/collapse/NoDev_7_tool,0,,-1656602582,,001,_Results/IOtest/collapse/NoDev_7_tool/001,0,0,
B10112017020232288315875,IOtest/collapse/NoDev_5_machine,0,24,24,1,1,1,0,1000,0,600,12,8,12,4,6,5,5,5,3,3,0,5,600,6,6,40,3,2,9,3,27,9,1,0.1,7.5e-05,0.00125,3,150,9,300,0,600,0,1200,0,600,0,600,2,1,8,600,1,0,718335582,-1767278063,1,_Results/IOtest/collapse/NoDev_5_machine,0,,-948223958,,001,_Results/IOtest/collapse/NoDev_5_machine/001,0,0,
B10112017020232686892346,IOtest/collapse/NoDev_7_industry,0,24,24,1,1,1,0,1000,0,600,12,8,12,4,6,5,5,5,3,3,0,7,600,6,8,40,3,2,9,3,27,9,1,0.1,7.5e-05,0.00125,3,150,9,300,27,600,81,1200,0,600,0,600,2,1,8,600,1,0,718335582,-1767278063,1,_Results/IOtest/collapse/NoDev_7_industry,0,,-1823981526,,001,_Results/IOtest/collapse/NoDev_7_industry/001,0,0,
B10112017020232669381267,IOtest/collapse/NoDev_7_factory,0,24,24,1,1,1,0,1000,0,600,12,8,12,4,6,5,5,5,3,3,0,7,600,6,8,40,3,2,9,3,27,9,1,0.1,7.5e-05,0.00125,3,150,9,300,27,600,0,1200,0,600,0,600,2,1,8,600,1,0,718335582,-1767278063,1,_Results/IOtest/collapse/NoDev_7_factory,0,,681328682,,001,_Results/IOtest/collapse/NoDev_7_factory/001,0,0,
B10112017020232506807973,IOtest/collapse/NoDev_7_machine,0,24,24,1,1,1,0,1000,0,600,12,8,12,4,6,5,5,5,3,3,0,7,600,6,8,40,3,2,9,3,27,9,1,0.1,7.5e-05,0.00125,3,150,9,300,0,600,0,1200,0,600,0,600,2,1,8,600,1,0,718335582,-1767278063,1,_Results/IOtest/collapse/NoDev_7_machine,0,,1970946090,,001,_Results/IOtest/collapse/NoDev_7_machine/001,0,0,
B10112017020232313475985,IOtest/collapse/NoDev_5_factory,0,24,24,1,1,1,0,1000,0,600,12,8,12,4,6,5,5,5,3,3,0,5,600,6,6,40,3,2,9,3,27,9,1,0.1,7.5e-05,0.00125,3,150,9,300,27,600,0,1200,0,600,0,600,2,1,8,600,1,0,718335582,-1767278063,1,_Results/IOtest/collapse/NoDev_5_factory,0,,-695123926,,001,_Results/IOtest/collapse/NoDev_5_factory/001,0,0,
B10112017020232465333121,IOtest/collapse/NoDev_5_industry,0,24,24,1,1,1,0,1000,0,600,12,8,12,4,6,5,5,5,3,3,0,5,600,6,6,40,3,2,9,3,27,9,1,0.1,7.5e-05,0.00125,3,150,9,300,27,600,81,1200,0,600,0,600,2,1,8,600,1,0,718335582,-1767278063,1,_Results/IOtest/collapse/NoDev_5_industry,0,,-1215348694,,001,_Results/IOtest/collapse/NoDev_5_industry/001,0,0,
B11112017173507304399960,IOtest/collapse/NoDev_5_tool,0,24,24,1,1,1,0,1000,0,600,12,8,12,4,6,5,5,5,3,3,0,5,600,6,6,40,3,2,9,3,27,9,1,0.1,7.5e-05,0.00125,3,150,0,300,0,600,0,1200,0,600,0,600,2,1,8,600,1,0,718335582,-1767278063,1,_Results/IOtest/collapse/NoDev_5_tool,0,,516505642,,001,_Results/IOtest/collapse/NoDev_5_tool/001,0,0,
B11112017173551244767262,IOtest/nocollapse/NoDev_5_tool,0,24,24,1,1,1,0,1000,0,600,12,8,12,4,6,5,5,5,3,3,0,5,600,6,6,40,3,2,9,3,27,9,1,0.1,7.5e-05,0.00125,3,150,0,300,0,600,0,1200,0,600,0,600,2,1,8,600,1,0,718335582,-1767278063,1,_Results/IOtest/nocollapse/NoDev_5_tool,0,,-20627414,,001,_Results/IOtest/nocollapse/NoDev_5_tool/001,0,0,
B11112017205755190987562,IOtest/nocollapse/NoDev_3_tool,0,24,24,1,1,1,0,1000,0,600,12,8,12,4,6,5,5,5,3,3,0,3,600,6,4,40,3,2,9,3,27,9,1,0.1,7.5e-05,0.00125,3,150,0,300,0,600,0,1200,0,600,0,600,2,0,0,7020288,0,0,718335582,-1767278063,1,_Results/IOtest/nocollapse/NoDev_3_tool,0,,1671512106,,001,_Results/IOtest/nocollapse/NoDev_3_tool/001,0,0,
B11112017205733171529975,IOtest/collapse/NoDev_3_tool,0,24,24,1,1,1,0,1000,0,600,12,8,12,4,6,5,5,5,3,3,0,3,600,6,4,40,3,2,9,3,27,9,1,0.1,7.5e-05,0.00125,3,150,0,300,0,600,0,1200,0,600,0,600,2,1,8,600,1,0,718335582,-1767278063,1,_Results/IOtest/collapse/NoDev_3_tool,0,,-623230934,,001,_Results/IOtest/collapse/NoDev_3_tool/001,0,0,
B11112017205755517479461,IOtest/nocollapse/NoDev_5_tool,0,24,24,1,1,1,0,1000,0,600,12,8,12,4,6,5,5,5,3,3,0,5,600,6,6,40,3,2,9,3,27,9,1,0.1,7.5e-05,0.00125,3,150,0,300,0,600,0,1200,0,600,0,600,2,0,0,7020288,0,0,718335582,-1767278063,1,_Results/IOtest/nocollapse/NoDev_5_tool,0,,1195917354,,001,_Results/IOtest/nocollapse/NoDev_5_tool/001,0,0,
B11112017205733277465715,IOtest/collapse/NoDev_5_tool,0,24,24,1,1,1,0,1000,0,600,12,8,12,4,6,5,5,5,3,3,0,5,600,6,6,40,3,2,9,3,27,9,1,0.1,7.5e-05,0.00125,3,150,0,300,0,600,0,1200,0,600,0,600,2,1,8,600,1,0,718335582,-1767278063,1,_Results/IOtest/collapse/NoDev_5_tool,0,,487669802,,001,_Results/IOtest/collapse/NoDev_5_tool/001,0,0,
B11112017205755327794901,IOtest/nocollapse/NoDev_3_machine,0,24,24,1,1,1,0,1000,0,600,12,8,12,4,6,5,5,5,3,3,0,3,600,6,4,40,3,2,9,3,27,9,1,0.1,7.5e-05,0.00125,3,150,9,300,0,600,0,1200,0,600,0,600,2,0,0,7020288,0,0,718335582,-1767278063,1,_Results/IOtest/nocollapse/NoDev_3_machine,0,,-429309910,,001,_Results/IOtest/nocollapse/NoDev_3_machine/001,0,0,
B11112017205733196625946,IOtest/collapse/NoDev_3_machine,0,24,24,1,1,1,0,1000,0,600,12,8,12,4,6,5,5,5,3,3,0,3,600,6,4,40,3,2,9,3,27,9,1,0.1,7.5e-05,0.00125,3,150,9,300,0,600,0,1200,0,600,0,600,2,1,8,600,1,0,718335582,-1767278063,1,_Results/IOtest/collapse/NoDev_3_machine,0,,1467826218,,001,_Results/IOtest/collapse/NoDev_3_machine/001,0,0,
B11112017205755533762332,IOtest/nocollapse/NoDev_5_machine,0,24,24,1,1,1,0,1000,0,600,12,8,12,4,6,5,5,5,3,3,0,5,600,6,6,40,3,2,9,3,27,9,1,0.1,7.5e-05,0.00125,3,150,9,300,0,600,0,1200,0,600,0,600,2,0,0,7020288,0,0,718335582,-1767278063,1,_Results/IOtest/nocollapse/NoDev_5_machine,0,,57884714,,001,_Results/IOtest/nocollapse/NoDev_5_machine/001,0,0,
B11112017205733293510304,IOtest/collapse/NoDev_5_machine,0,24,24,1,1,1,0,1000,0,600,12,8,12,4,6,5,5,5,3,3,0,5,600,6,6,40,3,2,9,3,27,9,1,0.1,7.5e-05,0.00125,3,150,9,300,0,600,0,1200,0,600,0,600,2,1,8,600,1,0,718335582,-1767278063,1,_Results/IOtest/collapse/NoDev_5_machine,0,,-1438433238,,001,_Results/IOtest/collapse/NoDev_5_machine/001,0,0,
B11112017205755344213298,IOtest/nocollapse/NoDev_3_factory,0,24,24,1,1,1,0,1000,0,600,12,8,12,4,6,5,5,5,3,3,0,3,600,6,4,40,3,2,9,3,27,9,1,0.1,7.5e-05,0.00125,3,150,9,300,27,600,0,1200,0,600,0,600,2,0,0,7020288,0,0,718335582,-1767278063,1,_Results/IOtest/nocollapse/NoDev_3_factory,0,,-928628694,,001,_Results/IOtest/nocollapse/NoDev_3_factory/001,0,0,
B11112017205755684173960,IOtest/nocollapse/NoDev_5_industry,0,24,24,1,1,1,0,1000,0,600,12,8,12,4,6,5,5,5,3,3,0,5,600,6,6,40,3,2,9,3,27,9,1,0.1,7.5e-05,0.00125,3,150,9,300,27,600,81,1200,0,600,0,600,2,0,0,7020288,0,0,718335582,-1767278063,1,_Results/IOtest/nocollapse/NoDev_5_industry,0,,2137997354,,001,_Results/IOtest/nocollapse/NoDev_5_industry/001,0,0,
B11112017205733409518776,IOtest/collapse/NoDev_5_industry,0,24,24,1,1,1,0,1000,0,600,12,8,12,4,6,5,5,5,3,3,0,5,600,6,6,40,3,2,9,3,27,9,1,0.1,7.5e-05,0.00125,3,150,9,300,27,600,81,1200,0,600,0,600,2,1,8,600,1,0,718335582,-1767278063,1,_Results/IOtest/collapse/NoDev_5_industry,0,,-1847836630,,001,_Results/IOtest/collapse/NoDev_5_industry/001,0,0,
B11112017205733222508337,IOtest/collapse/NoDev_3_factory,0,24,24,1,1,1,0,1000,0,600,12,8,12,4,6,5,5,5,3,3,0,3,600,6,4,40,3,2,9,3,27,9,1,0.1,7.5e-05,0.00125,3,150,9,300,27,600,0,1200,0,600,0,600,2,1,8,600,1,0,718335582,-1767278063,1,_Results/IOtest/collapse/NoDev_3_factory,0,,-2070331350,,001,_Results/IOtest/collapse/NoDev_3_factory/001,0,0,
B11112017205733393272231,IOtest/collapse/NoDev_5_factory,0,24,24,1,1,1,0,1000,0,600,12,8,12,4,6,5,5,5,3,3,0,5,600,6,6,40,3,2,9,3,27,9,1,0.1,7.5e-05,0.00125,3,150,9,300,27,600,0,1200,0,600,0,600,2,1,8,600,1,0,718335582,-1767278063,1,_Results/IOtest/collapse/NoDev_5_factory,0,,2142191658,,001,_Results/IOtest/collapse/NoDev_5_factory/001,0,0,
B11112017205755561276113,IOtest/nocollapse/NoDev_5_factory,0,24,24,1,1,1,0,1000,0,600,12,8,12,4,6,5,5,5,3,3,0,5,600,6,6,40,3,2,9,3,27,9,1,0.1,7.5e-05,0.00125,3,150,9,300,27,600,0,1200,0,600,0,600,2,0,0,7020288,0,0,718335582,-1767278063,1,_Results/IOtest/nocollapse/NoDev_5_factory,0,,-1061928918,,001,_Results/IOtest/nocollapse/NoDev_5_factory/001,0,0,
B11112017205733251135078,IOtest/collapse/NoDev_3_industry,0,24,24,1,1,1,0,1000,0,600,12,8,12,4,6,5,5,5,3,3,0,3,600,6,4,40,3,2,9,3,27,9,1,0.1,7.5e-05,0.00125,3,150,9,300,27,600,81,1200,0,600,0,600,2,1,8,600,1,0,718335582,-1767278063,1,_Results/IOtest/collapse/NoDev_3_industry,0,,-77184982,,001,_Results/IOtest/collapse/NoDev_3_industry/001,0,0,
B11112017205755368812678,IOtest/nocollapse/NoDev_3_industry,0,24,24,1,1,1,0,1000,0,600,12,8,12,4,6,5,5,5,3,3,0,3,600,6,4,40,3,2,9,3,27,9,1,0.1,7.5e-05,0.00125,3,150,9,300,27,600,81,1200,0,600,0,600,2,0,0,7020288,0,0,718335582,-1767278063,1,_Results/IOtest/nocollapse/NoDev_3_industry,0,,-1870774230,,001,_Results/IOtest/nocollapse/NoDev_3_industry/001,0,0,
,IOtest/collapse/NoDev_3_tool,0,24,24,1,1,1,0,600,0,600,12,8,12,4,6,5,5,5,3,3,0,3,600,6,4,40,3,2,9,3,27,9,1,0.1,7.5e-05,0.00125,3,150,0,300,0,600,0,1200,0,600,0,600,2,1,1965003168,32764,144,0,718335582,-1767278063,1,_Results/IOtest/collapse/NoDev_3_tool,1,,4225691,,001,_Results/IOtest/collapse/NoDev_3_tool/001,255,0,
B12112017040629209026306,IOtest/nocollapse/NoDev_3_tool,0,24,24,1,1,1,0,600,0,600,12,8,12,4,6,5,5,5,3,3,0,3,600,6,4,40,3,2,9,3,27,9,1,0.1,7.5e-05,0.00125,3,150,0,300,0,600,0,1200,0,600,0,600,2,0,0,7020288,0,0,718335582,-1767278063,1,_Results/IOtest/nocollapse/NoDev_3_tool,0,,-802799574,,001,_Results/IOtest/nocollapse/NoDev_3_tool/001,0,0,
,IOtest/collapse/NoDev_3_machine,0,24,24,1,1,1,0,600,0,600,12,8,12,4,6,5,5,5,3,3,0,3,600,6,4,40,3,2,9,3,27,9,1,0.1,7.5e-05,0.00125,3,150,9,300,0,600,0,1200,0,600,0,600,2,1,1718092304,32766,0,0,718335582,-1767278063,1,_Results/IOtest/collapse/NoDev_3_machine,1,,4225691,,001,_Results/IOtest/collapse/NoDev_3_machine/001,255,0,
B12112017040629441692974,IOtest/nocollapse/NoDev_5_tool,0,24,24,1,1,1,0,600,0,600,12,8,12,4,6,5,5,5,3,3,0,5,600,6,6,40,3,2,9,3,27,9,1,0.1,7.5e-05,0.00125,3,150,0,300,0,600,0,1200,0,600,0,600,2,0,0,7020288,0,0,718335582,-1767278063,1,_Results/IOtest/nocollapse/NoDev_5_tool,0,,-658489302,,001,_Results/IOtest/nocollapse/NoDev_5_tool/001,0,0,
,IOtest/collapse/NoDev_5_tool,0,24,24,1,1,1,0,600,0,600,12,8,12,4,6,5,5,5,3,3,0,5,600,6,6,40,3,2,9,3,27,9,1,0.1,7.5e-05,0.00125,3,150,0,300,0,600,0,1200,0,600,0,600,2,1,-385083744,32765,144,0,718335582,-1767278063,1,_Results/IOtest/collapse/NoDev_5_tool,1,,4225691,,001,_Results/IOtest/collapse/NoDev_5_tool/001,255,0,
B12112017040629297826214,IOtest/nocollapse/NoDev_3_machine,0,24,24,1,1,1,0,600,0,600,12,8,12,4,6,5,5,5,3,3,0,3,600,6,4,40,3,2,9,3,27,9,1,0.1,7.5e-05,0.00125,3,150,9,300,0,600,0,1200,0,600,0,600,2,0,0,7020288,0,0,718335582,-1767278063,1,_Results/IOtest/nocollapse/NoDev_3_machine,0,,600129578,,001,_Results/IOtest/nocollapse/NoDev_3_machine/001,0,0,
,IOtest/collapse/NoDev_5_machine,0,24,24,1,1,1,0,600,0,600,12,8,12,4,6,5,5,5,3,3,0,5,600,6,6,40,3,2,9,3,27,9,1,0.1,7.5e-05,0.00125,3,150,9,300,0,600,0,1200,0,600,0,600,2,1,-1739536672,32767,208,0,718335582,-1767278063,1,_Results/IOtest/collapse/NoDev_5_machine,1,,4225691,,001,_Results/IOtest/collapse/NoDev_5_machine/001,255,0,
B12112017040629457260582,IOtest/nocollapse/NoDev_5_machine,0,24,24,1,1,1,0,600,0,600,12,8,12,4,6,5,5,5,3,3,0,5,600,6,6,40,3,2,9,3,27,9,1,0.1,7.5e-05,0.00125,3,150,9,300,0,600,0,1200,0,600,0,600,2,0,0,7020288,0,0,718335582,-1767278063,1,_Results/IOtest/nocollapse/NoDev_5_machine,0,,-2138750934,,001,_Results/IOtest/nocollapse/NoDev_5_machine/001,0,0,
B12112017040629313103395,IOtest/nocollapse/NoDev_3_factory,0,24,24,1,1,1,0,600,0,600,12,8,12,4,6,5,5,5,3,3,0,3,600,6,4,40,3,2,9,3,27,9,1,0.1,7.5e-05,0.00125,3,150,9,300,27,600,0,1200,0,600,0,600,2,0,0,7020288,0,0,718335582,-1767278063,1,_Results/IOtest/nocollapse/NoDev_3_factory,0,,-1890172886,,001,_Results/IOtest/nocollapse/NoDev_3_factory/001,0,0,
B12112017040629553704160,IOtest/nocollapse/NoDev_5_industry,0,24,24,1,1,1,0,600,0,600,12,8,12,4,6,5,5,5,3,3,0,5,600,6,6,40,3,2,9,3,27,9,1,0.1,7.5e-05,0.00125,3,150,9,300,27,600,81,1200,0,600,0,600,2,0,0,7020288,0,0,718335582,-1767278063,1,_Results/IOtest/nocollapse/NoDev_5_industry,0,,113393706,,001,_Results/IOtest/nocollapse/NoDev_5_industry/001,0,0,
,IOtest/collapse/NoDev_3_factory,0,24,24,1,1,1,0,600,0,600,12,8,12,4,6,5,5,5,3,3,0,3,600,6,4,40,3,2,9,3,27,9,1,0.1,7.5e-05,0.00125,3,150,9,300,27,600,0,1200,0,600,0,600,2,1,194857392,32765,160,0,718335582,-1767278063,1,_Results/IOtest/collapse/NoDev_3_factory,1,,4225691,,001,_Results/IOtest/collapse/NoDev_3_factory/001,255,0,
B12112017040629481739890,IOtest/nocollapse/NoDev_5_factory,0,24,24,1,1,1,0,600,0,600,12,8,12,4,6,5,5,5,3,3,0,5,600,6,6,40,3,2,9,3,27,9,1,0.1,7.5e-05,0.00125,3,150,9,300,27,600,0,1200,0,600,0,600,2,0,0,7020288,0,0,718335582,-1767278063,1,_Results/IOtest/nocollapse/NoDev_5_factory,0,,-1946009558,,001,_Results/IOtest/nocollapse/NoDev_5_factory/001,0,0,
,IOtest/collapse/NoDev_5_industry,0,24,24,1,1,1,0,600,0,600,12,8,12,4,6,5,5,5,3,3,0,5,600,6,6,40,3,2,9,3,27,9,1,0.1,7.5e-05,0.00125,3,150,9,300,27,600,81,1200,0,600,0,600,2,1,-336918192,32764,64,0,718335582,-1767278063,1,_Results/IOtest/collapse/NoDev_5_industry,1,,4225691,,001,_Results/IOtest/collapse/NoDev_5_industry/001,255,0,
,IOtest/collapse/NoDev_5_factory,0,24,24,1,1,1,0,600,0,600,12,8,12,4,6,5,5,5,3,3,0,5,600,6,6,40,3,2,9,3,27,9,1,0.1,7.5e-05,0.00125,3,150,9,300,27,600,0,1200,0,600,0,600,2,1,-1895474496,32764,176,0,718335582,-1767278063,1,_Results/IOtest/collapse/NoDev_5_factory,1,,4225691,,001,_Results/IOtest/collapse/NoDev_5_factory/001,255,0,
B12112017040629339310367,IOtest/nocollapse/NoDev_3_industry,0,24,24,1,1,1,0,600,0,600,12,8,12,4,6,5,5,5,3,3,0,3,600,6,4,40,3,2,9,3,27,9,1,0.1,7.5e-05,0.00125,3,150,9,300,27,600,81,1200,0,600,0,600,2,0,0,7020288,0,0,718335582,-1767278063,1,_Results/IOtest/nocollapse/NoDev_3_industry,0,,1140539434,,001,_Results/IOtest/nocollapse/NoDev_3_industry/001,0,0,
,IOtest/collapse/NoDev_3_industry,0,24,24,1,1,1,0,600,0,600,12,8,12,4,6,5,5,5,3,3,0,3,600,6,4,40,3,2,9,3,27,9,1,0.1,7.5e-05,0.00125,3,150,9,300,27,600,81,1200,0,600,0,600,2,1,-1872801920,32765,112,0,718335582,-1767278063,1,_Results/IOtest/collapse/NoDev_3_industry,1,,4225691,,001,_Results/IOtest/collapse/NoDev_3_industry/001,255,0,
B12112017060926422287909,IOtest/collapse/NoDev_5_tool,0,24,24,1,1,1,0,600,0,600,12,8,12,4,6,5,5,5,3,3,0,5,600,6,6,40,3,2,9,3,27,9,1,0.1,7.5e-05,0.00125,3,150,0,300,0,600,0,1200,0,600,0,600,2,1,8,300,1,0,718335582,-1767278063,1,_Results/IOtest/collapse/NoDev_5_tool,0,,-170311638,,001,_Results/IOtest/collapse/NoDev_5_tool/001,0,0,
B12112017060926275651636,IOtest/collapse/NoDev_3_tool,0,24,24,1,1,1,0,600,0,600,12,8,12,4,6,5,5,5,3,3,0,3,600,6,4,40,3,2,9,3,27,9,1,0.1,7.5e-05,0.00125,3,150,0,300,0,600,0,1200,0,600,0,600,2,1,8,300,1,0,718335582,-1767278063,1,_Results/IOtest/collapse/NoDev_3_tool,0,,2119450666,,001,_Results/IOtest/collapse/NoDev_3_tool/001,0,0,
B12112017060926795844698,IOtest/nocollapse/NoDev_5_tool,0,24,24,1,1,1,0,600,0,600,12,8,12,4,6,5,5,5,3,3,0,5,600,6,6,40,3,2,9,3,27,9,1,0.1,7.5e-05,0.00125,3,150,0,300,0,600,0,1200,0,600,0,600,2,0,0,7020288,0,0,718335582,-1767278063,1,_Results/IOtest/nocollapse/NoDev_5_tool,0,,800669738,,001,_Results/IOtest/nocollapse/NoDev_5_tool/001,0,0,
B12112017060926666329150,IOtest/nocollapse/NoDev_3_machine,0,24,24,1,1,1,0,600,0,600,12,8,12,4,6,5,5,5,3,3,0,3,600,6,4,40,3,2,9,3,27,9,1,0.1,7.5e-05,0.00125,3,150,9,300,0,600,0,1200,0,600,0,600,2,0,0,7020288,0,0,718335582,-1767278063,1,_Results/IOtest/nocollapse/NoDev_3_machine,0,,2098544682,,001,_Results/IOtest/nocollapse/NoDev_3_machine/001,0,0,
B12112017060926571737376,IOtest/nocollapse/NoDev_3_tool,0,24,24,1,1,1,0,600,0,600,12,8,12,4,6,5,5,5,3,3,0,3,600,6,4,40,3,2,9,3,27,9,1,0.1,7.5e-05,0.00125,3,150,0,300,0,600,0,1200,0,600,0,600,2,0,0,7020288,0,0,718335582,-1767278063,1,_Results/IOtest/nocollapse/NoDev_3_tool,0,,-1095221206,,001,_Results/IOtest/nocollapse/NoDev_3_tool/001,0,0,
B12112017060926295104603,IOtest/collapse/NoDev_3_machine,0,24,24,1,1,1,0,600,0,600,12,8,12,4,6,5,5,5,3,3,0,3,600,6,4,40,3,2,9,3,27,9,1,0.1,7.5e-05,0.00125,3,150,9,300,0,600,0,1200,0,600,0,600,2,1,8,300,1,0,718335582,-1767278063,1,_Results/IOtest/collapse/NoDev_3_machine,0,,-1277870038,,001,_Results/IOtest/collapse/NoDev_3_machine/001,0,0,
B12112017060926448627460,IOtest/collapse/NoDev_5_machine,0,24,24,1,1,1,0,600,0,600,12,8,12,4,6,5,5,5,3,3,0,5,600,6,6,40,3,2,9,3,27,9,1,0.1,7.5e-05,0.00125,3,150,9,300,0,600,0,1200,0,600,0,600,2,1,8,300,1,0,718335582,-1767278063,1,_Results/IOtest/collapse/NoDev_5_machine,0,,991510570,,001,_Results/IOtest/collapse/NoDev_5_machine/001,0,0,
B12112017060926813212494,IOtest/nocollapse/NoDev_5_machine,0,24,24,1,1,1,0,600,0,600,12,8,12,4,6,5,5,5,3,3,0,5,600,6,6,40,3,2,9,3,27,9,1,0.1,7.5e-05,0.00125,3,150,9,300,0,600,0,1200,0,600,0,600,2,0,0,7020288,0,0,718335582,-1767278063,1,_Results/IOtest/nocollapse/NoDev_5_machine,0,,1237925930,,001,_Results/IOtest/nocollapse/NoDev_5_machine/001,0,0,
B12112017060926913220980,IOtest/nocollapse/NoDev_5_industry,0,24,24,1,1,1,0,600,0,600,12,8,12,4,6,5,5,5,3,3,0,5,600,6,6,40,3,2,9,3,27,9,1,0.1,7.5e-05,0.00125,3,150,9,300,27,600,81,1200,0,600,0,600,2,0,0,7020288,0,0,718335582,-1767278063,1,_Results/IOtest/nocollapse/NoDev_5_industry,0,,1401503786,,001,_Results/IOtest/nocollapse/NoDev_5_industry/001,0,0,
B12112017060926531969580,IOtest/collapse/NoDev_5_factory,0,24,24,1,1,1,0,600,0,600,12,8,12,4,6,5,5,5,3,3,0,5,600,6,6,40,3,2,9,3,27,9,1,0.1,7.5e-05,0.00125,3,150,9,300,27,600,0,1200,0,600,0,600,2,1,8,300,1,0,718335582,-1767278063,1,_Results/IOtest/collapse/NoDev_5_factory,0,,71909418,,001,_Results/IOtest/collapse/NoDev_5_factory/001,0,0,
B12112017060926539394731,IOtest/collapse/NoDev_5_industry,0,24,24,1,1,1,0,600,0,600,12,8,12,4,6,5,5,5,3,3,0,5,600,6,6,40,3,2,9,3,27,9,1,0.1,7.5e-05,0.00125,3,150,9,300,27,600,81,1200,0,600,0,600,2,1,8,300,1,0,718335582,-1767278063,1,_Results/IOtest/collapse/NoDev_5_industry,0,,-1205125078,,001,_Results/IOtest/collapse/NoDev_5_industry/001,0,0,
B12112017060926319552394,IOtest/collapse/NoDev_3_factory,0,24,24,1,1,1,0,600,0,600,12,8,12,4,6,5,5,5,3,3,0,3,600,6,4,40,3,2,9,3,27,9,1,0.1,7.5e-05,0.00125,3,150,9,300,27,600,0,1200,0,600,0,600,2,1,8,300,1,0,718335582,-1767278063,1,_Results/IOtest/collapse/NoDev_3_factory,0,,713441322,,001,_Results/IOtest/collapse/NoDev_3_factory/001,0,0,
B12112017060926683488750,IOtest/nocollapse/NoDev_3_factory,0,24,24,1,1,1,0,600,0,600,12,8,12,4,6,5,5,5,3,3,0,3,600,6,4,40,3,2,9,3,27,9,1,0.1,7.5e-05,0.00125,3,150,9,300,27,600,0,1200,0,600,0,600,2,0,0,7020288,0,0,718335582,-1767278063,1,_Results/IOtest/nocollapse/NoDev_3_factory,0,,652820522,,001,_Results/IOtest/nocollapse/NoDev_3_factory/001,0,0,
B12112017060926837011856,IOtest/nocollapse/NoDev_5_factory,0,24,24,1,1,1,0,600,0,600,12,8,12,4,6,5,5,5,3,3,0,5,600,6,6,40,3,2,9,3,27,9,1,0.1,7.5e-05,0.00125,3,150,9,300,27,600,0,1200,0,600,0,600,2,0,0,7020288,0,0,718335582,-1767278063,1,_Results/IOtest/nocollapse/NoDev_5_factory,0,,-788447190,,001,_Results/IOtest/nocollapse/NoDev_5_factory/001,0,0,
B12112017060926403386802,IOtest/collapse/NoDev_3_industry,0,24,24,1,1,1,0,600,0,600,12,8,12,4,6,5,5,5,3,3,0,3,600,6,4,40,3,2,9,3,27,9,1,0.1,7.5e-05,0.00125,3,150,9,300,27,600,81,1200,0,600,0,600,2,1,8,300,1,0,718335582,-1767278063,1,_Results/IOtest/collapse/NoDev_3_industry,0,,-99139542,,001,_Results/IOtest/collapse/NoDev_3_industry/001,0,0,
B12112017060926708641967,IOtest/nocollapse/NoDev_3_industry,0,24,24,1,1,1,0,600,0,600,12,8,12,4,6,5,5,5,3,3,0,3,600,6,4,40,3,2,9,3,27,9,1,0.1,7.5e-05,0.00125,3,150,9,300,27,600,81,1200,0,600,0,600,2,0,0,7020288,0,0,718335582,-1767278063,1,_Results/IOtest/nocollapse/NoDev_3_industry,0,,-32161750,,001,_Results/IOtest/nocollapse/NoDev_3_industry/001,0,0,
